<?xml version="1.0" encoding="windows-1252"?>
<Collection name="_SetUpdateable" guid="{b5c68c8d-c4e0-4871-808f-4af4ff45a11b}" system="No" updatable="Yes" blockNavigatorNode="No" onInstallAddonGuid="{61dfef08-1997-44dc-92b0-5ffbac6ee746}">
	<HelpLink></HelpLink>
	<Help></Help>
	<Addon name="_SetUpdateableOnInstall" guid="{61dfef08-1997-44dc-92b0-5ffbac6ee746}" type="Add-on">
		<AsAjax>No</AsAjax>
		<Filter>No</Filter>
		<Icon Link="" width="50" height="50" sprites="0" />
		<InIframe>No</InIframe>
		<BlockEditTools>Yes</BlockEditTools>
		<IsInline>No</IsInline>
		<javascriptForceHead>No</javascriptForceHead>
		<Content>No</Content>
		<Template>No</Template>
		<Email>No</Email>
		<Admin>No</Admin>
		<OnPageEndEvent>No</OnPageEndEvent>
		<OnPageStartEvent>No</OnPageStartEvent>
		<OnBodyStart>No</OnBodyStart>
		<OnBodyEnd>No</OnBodyEnd>
		<RemoteMethod>No</RemoteMethod>
		<Diagnostic>No</Diagnostic>
		<ProcessRunOnce>No</ProcessRunOnce>
		<ProcessInterval>0</ProcessInterval>
		<Scripting Language="" EntryPoint="" Timeout="5000">
			<Code><![CDATA[function m
cp.db.executeQuery("update ccAddonCollections set updatable=1")
end function]]></Code>
		</Scripting>
	</Addon>
</Collection>