<?xml version="1.0" encoding="windows-1252"?>
<Collection name="Core5" guid="{04998B99-AA56-4709-8060-4EA7BC2C4D76}" system="No" updatable="Yes" blockNavigatorNode="No">
	<ImportCollection name="Personalization">{1339F712-17F7-408A-B021-92DF846BD486}</ImportCollection>
	<ImportCollection name="Site Explorer">{5426E6D5-05A8-4A87-B535-CD0FABA04F29}</ImportCollection>
	<ImportCollection name="Contact Manager">{51A67CB6-EA94-497C-896A-979A851BE3DB}</ImportCollection>
	<ImportCollection name="Resource Library">{F36C7051-F382-4558-8DBF-091F74C26C83}</ImportCollection>
	<ImportCollection name="Preferences Settings Page">{AF80F787-40CE-47E0-B339-E798CC88222A}</ImportCollection>
	<ImportCollection name="Dashboard">{B470C25F-DDBC-4593-8161-1A2FD4A35690}</ImportCollection>
	<ImportCollection name="Content Watch List">{3C5C2B2C-CAA5-46DC-92ED-A21DD23DF597}</ImportCollection>
	<ImportCollection name="Form Wizard">{B5D1FE5B-71EC-403D-90E8-01AE7F8E18AD}</ImportCollection>
</Collection>