<?xml version="1.0" encoding="windows-1252"?>
<Collection name="Content Review Tool" guid="{f8855c50-46bb-4326-ad6a-0465ec77fa42}" system="No" updatable="Yes" blockNavigatorNode="No" onInstallAddonGuid="">
	<HelpLink></HelpLink>
	<Help></Help>
	<Addon name="Page Content Review" guid="{6A54A051-6CF6-4D8C-823D-C37741DD072A}" type="Tool">
		<Copy></Copy>
		<CopyText></CopyText>
		<ActiveXProgramID></ActiveXProgramID>
		<DotNetClass></DotNetClass>
		<ArgumentList><![CDATA[Review after this many days=90
Rows per page=50
]]></ArgumentList>
		<AsAjax>No</AsAjax>
		<Filter>No</Filter>
		<Help></Help>
		<HelpLink></HelpLink>
		<Icon Link="" width="0" height="0" sprites="0" />
		<InIframe>No</InIframe>
		<BlockEditTools>No</BlockEditTools>
		<FormXML></FormXML>
		<IsInline>No</IsInline>
		<JavascriptInHead></JavascriptInHead>
		<javascriptForceHead>No</javascriptForceHead>
		<JSHeadScriptSrc></JSHeadScriptSrc>
		<!-- deprecated --><JSBodyScriptSrc></JSBodyScriptSrc>
		<!-- deprecated --><JavascriptBodyEnd></JavascriptBodyEnd>
		<!-- deprecated --><JavascriptOnLoad></JavascriptOnLoad>
		<Content>No</Content>
		<Template>No</Template>
		<Email>No</Email>
		<Admin>Yes</Admin>
		<OnPageEndEvent>No</OnPageEndEvent>
		<OnPageStartEvent>No</OnPageStartEvent>
		<OnBodyStart>No</OnBodyStart>
		<OnBodyEnd>No</OnBodyEnd>
		<RemoteMethod>No</RemoteMethod>
		<Diagnostic>No</Diagnostic>
		<Diagnostic>No</Diagnostic>
		<ProcessRunOnce>No</ProcessRunOnce>
		<ProcessInterval>0</ProcessInterval>
		<MetaDescription></MetaDescription>
		<OtherHeadTags></OtherHeadTags>
		<PageTitle></PageTitle>
		<RemoteAssetLink></RemoteAssetLink>
		<Styles><![CDATA[.pageReview { margin:0; padding:20px; background-color: white; }
.pageReview .prTable{ border:1px solid #e0e0e0;width:100%}
.pageReview .prRowHead{ background-color: white;}
.pageReview .prRowEven{ background-color: #f8f8f8;}
.pageReview .prRowOdd{ background-color: #e8e8e8;}
.pageReview .prColEdit {width:100px; text-align:center; padding:4px;}
.pageReview .prColReviewed {width:200px; text-align:center; padding:4px;}
.pageReview .prColModified {width:200px; text-align:center; padding:4px;}
.pageReview .prColName {text-align:left; padding:4px;}

]]></Styles>
		<styleslinkhref></styleslinkhref>
		<Scripting Language="VBScript" EntryPoint="" Timeout="5000">
			<Code><![CDATA[function s()
dim cs
dim cid
dim cnt
dim ptr
dim rows
dim title
dim description
dim age
'
cnt = cp.doc.getInteger("rows per page")
age = cp.doc.getInteger("Review after this many days")

rows = ""
'
rows = rows & vbcrlf & vbtab & "<tr class=""prRowHead"">"
rows = rows & vbcrlf & vbtab & vbtab & "<td class=""prColEdit"">&nbsp;</td>"
rows = rows & vbcrlf & vbtab & vbtab & "<td class=""prColReviewed"">Date Reviewed</td>"
rows = rows & vbcrlf & vbtab & vbtab & "<td class=""prColModified"">Date Modified</td>"
rows = rows & vbcrlf & vbtab & vbtab & "<td class=""prColName"">page Name</td>"
rows = rows & vbcrlf & vbtab & "</tr>"

cid=cp.content.getId( "page content" )
set cs = cp.csnew
call cs.open( "page content", "datereviewed<" & cp.db.encodeSQLDate(now-age),"datereviewed",true,"",cnt)
do while cs.ok and ( ptr < cnt)

if ( ptr mod 2 ) = 0 then
rows = rows & vbcrlf & vbtab & "<tr class=""prRowEven"">"
else
rows = rows & vbcrlf & vbtab & "<tr class=""prRowOdd"">"
end if
rows = rows & vbcrlf & vbtab & vbtab & "<td class=""prColEdit""><a href=""?cid=" & cid & "&id=" & cs.getText("id") & "&af=4"">edit</a></td>"
rows = rows & vbcrlf & vbtab & vbtab & "<td class=""prColReviewed"">" & cs.getText("datereviewed") & "</td>"
rows = rows & vbcrlf & vbtab & vbtab & "<td class=""prColModified"">" & cs.getText("ModifiedDate") & "</td>"
rows = rows & vbcrlf & vbtab & vbtab & "<td class=""prColName"">" & cs.getText("name") & "</td>"
rows = rows & vbcrlf & vbtab & "</tr>"

call cs.gonext
ptr = ptr + 1
loop
s = "" _
& vbcrlf & vbtab & "<table cellpadding=""0"" cellspacing=""0"" class=""prTable"">" _
& cp.html.indent( rows ) _
& vbcrlf & vbtab & "</table>"
title = cp.html.h2( "Page Content Review" )
description = cp.html.p( "Oldest " & cnt & " pages not reviewed for over " & age  & " days" )
s = cp.html.div( title & description & s,"","pageReview" )
end function]]></Code>
		</Scripting>
	</Addon>
</Collection>