<ContensiveContent name="Countries">
 <Row>
  <Field name="Albania">Albania</Field>
 </Row>
 <Row>
  <Field name="Algeria">Algeria</Field>
 </Row>
 <Row>
  <Field name="American Samoa">American Samoa</Field>
 </Row>
 <Row>
  <Field name="Andorra">Andorra</Field>
 </Row>
 <Row>
  <Field name="Angola">Angola</Field>
 </Row>
 <Row>
  <Field name="Anguilla">Anguilla</Field>
 </Row>
 <Row>
  <Field name="Antarctica">Antarctica</Field>
 </Row>
 <Row>
  <Field name="Antigua And Barbuda">Antigua And Barbuda</Field>
 </Row>
 <Row>
  <Field name="Argentina">Argentina</Field>
 </Row>
 <Row>
  <Field name="Armenia">Armenia</Field>
 </Row>
 <Row>
  <Field name="Aruba">Aruba</Field>
 </Row>
 <Row>
  <Field name="Australia">Australia</Field>
 </Row>
 <Row>
  <Field name="Austria">Austria</Field>
 </Row>
 <Row>
  <Field name="Azerbaijan">Azerbaijan</Field>
 </Row>
 <Row>
  <Field name="Bahamas">Bahamas</Field>
 </Row>
 <Row>
  <Field name="Bahrain">Bahrain</Field>
 </Row>
 <Row>
  <Field name="Bangladesh">Bangladesh</Field>
 </Row>
 <Row>
  <Field name="Barbados">Barbados</Field>
 </Row>
 <Row>
  <Field name="Belarus">Belarus</Field>
 </Row>
 <Row>
  <Field name="Belgium">Belgium</Field>
 </Row>
 <Row>
  <Field name="Belize">Belize</Field>
 </Row>
 <Row>
  <Field name="Benin">Benin</Field>
 </Row>
 <Row>
  <Field name="Bermuda">Bermuda</Field>
 </Row>
 <Row>
  <Field name="Bhutan">Bhutan</Field>
 </Row>
 <Row>
  <Field name="Bolivia">Bolivia</Field>
 </Row>
 <Row>
  <Field name="Bosnia and Herzegowina">Bosnia and Herzegowina</Field>
 </Row>
 <Row>
  <Field name="Botswana">Botswana</Field>
 </Row>
 <Row>
  <Field name="Bouvet Island">Bouvet Island</Field>
 </Row>
 <Row>
  <Field name="Brazil">Brazil</Field>
 </Row>
 <Row>
  <Field name="British Indian Ocean Territory">British Indian Ocean Territory</Field>
 </Row>
 <Row>
  <Field name="Brunei Darussalam">Brunei Darussalam</Field>
 </Row>
 <Row>
  <Field name="Bulgaria">Bulgaria</Field>
 </Row>
 <Row>
  <Field name="Burkina Faso">Burkina Faso</Field>
 </Row>
 <Row>
  <Field name="Burma">Burma</Field>
 </Row>
 <Row>
  <Field name="Burundi">Burundi</Field>
 </Row>
 <Row>
  <Field name="Cambodia">Cambodia</Field>
 </Row>
 <Row>
  <Field name="Cameroon">Cameroon</Field>
 </Row>
 <Row>
  <Field name="Canada">Canada</Field>
 </Row>
 <Row>
  <Field name="Cape Verde">Cape Verde</Field>
 </Row>
 <Row>
  <Field name="Cayman Islands">Cayman Islands</Field>
 </Row>
 <Row>
  <Field name="Central African Republic">Central African Republic</Field>
 </Row>
 <Row>
  <Field name="Chad">Chad</Field>
 </Row>
 <Row>
  <Field name="Chile">Chile</Field>
 </Row>
 <Row>
  <Field name="China">China</Field>
 </Row>
 <Row>
  <Field name="Christmas Island">Christmas Island</Field>
 </Row>
 <Row>
  <Field name="Cocos (Keeling) Islands">Cocos (Keeling) Islands</Field>
 </Row>
 <Row>
  <Field name="Colombia">Colombia</Field>
 </Row>
 <Row>
  <Field name="Comoros">Comoros</Field>
 </Row>
 <Row>
  <Field name="Congo">Congo</Field>
 </Row>
 <Row>
  <Field name="Congo">Congo</Field>
 </Row>
 <Row>
  <Field name="Cook Islands">Cook Islands</Field>
 </Row>
 <Row>
  <Field name="Costa Rica">Costa Rica</Field>
 </Row>
 <Row>
  <Field name="Cote d'Ivoire">Cote d'Ivoire</Field>
 </Row>
 <Row>
  <Field name="Croatia">Croatia</Field>
 </Row>
 <Row>
  <Field name="Cyprus">Cyprus</Field>
 </Row>
 <Row>
  <Field name="Czech Republic">Czech Republic</Field>
 </Row>
 <Row>
  <Field name="Denmark">Denmark</Field>
 </Row>
 <Row>
  <Field name="Djibouti">Djibouti</Field>
 </Row>
 <Row>
  <Field name="Dominica">Dominica</Field>
 </Row>
 <Row>
  <Field name="Dominican Republic">Dominican Republic</Field>
 </Row>
 <Row>
  <Field name="East Timor">East Timor</Field>
 </Row>
 <Row>
  <Field name="Ecuador">Ecuador</Field>
 </Row>
 <Row>
  <Field name="Egypt">Egypt</Field>
 </Row>
 <Row>
  <Field name="El Salvador">El Salvador</Field>
 </Row>
 <Row>
  <Field name="England">England</Field>
 </Row>
 <Row>
  <Field name="Equatorial Guinea">Equatorial Guinea</Field>
 </Row>
 <Row>
  <Field name="Eritrea">Eritrea</Field>
 </Row>
 <Row>
  <Field name="Espana">Espana</Field>
 </Row>
 <Row>
  <Field name="Estonia">Estonia</Field>
 </Row>
 <Row>
  <Field name="Ethiopia">Ethiopia</Field>
 </Row>
 <Row>
  <Field name="Falkland Islands">Falkland Islands</Field>
 </Row>
 <Row>
  <Field name="Faroe Islands">Faroe Islands</Field>
 </Row>
 <Row>
  <Field name="Fiji">Fiji</Field>
 </Row>
 <Row>
  <Field name="Finland">Finland</Field>
 </Row>
 <Row>
  <Field name="France">France</Field>
 </Row>
 <Row>
  <Field name="French Guiana">French Guiana</Field>
 </Row>
 <Row>
  <Field name="French Polynesia">French Polynesia</Field>
 </Row>
 <Row>
  <Field name="French Southern Territories">French Southern Territories</Field>
 </Row>
 <Row>
  <Field name="Gabon">Gabon</Field>
 </Row>
 <Row>
  <Field name="Gambia">Gambia</Field>
 </Row>
 <Row>
  <Field name="Georgia">Georgia</Field>
 </Row>
 <Row>
  <Field name="Germany">Germany</Field>
 </Row>
 <Row>
  <Field name="Ghana">Ghana</Field>
 </Row>
 <Row>
  <Field name="Gibraltar">Gibraltar</Field>
 </Row>
 <Row>
  <Field name="Great Britain">Great Britain</Field>
 </Row>
 <Row>
  <Field name="Greece">Greece</Field>
 </Row>
 <Row>
  <Field name="Greenland">Greenland</Field>
 </Row>
 <Row>
  <Field name="Grenada">Grenada</Field>
 </Row>
 <Row>
  <Field name="Guadeloupe">Guadeloupe</Field>
 </Row>
 <Row>
  <Field name="Guam">Guam</Field>
 </Row>
 <Row>
  <Field name="Guatemala">Guatemala</Field>
 </Row>
 <Row>
  <Field name="Guinea">Guinea</Field>
 </Row>
 <Row>
  <Field name="Guinea-Bissau">Guinea-Bissau</Field>
 </Row>
 <Row>
  <Field name="Guyana">Guyana</Field>
 </Row>
 <Row>
  <Field name="Haiti">Haiti</Field>
 </Row>
 <Row>
  <Field name="Heard and Mc Donald Islands">Heard and Mc Donald Islands</Field>
 </Row>
 <Row>
  <Field name="Honduras">Honduras</Field>
 </Row>
 <Row>
  <Field name="Hong Kong">Hong Kong</Field>
 </Row>
 <Row>
  <Field name="Hungary">Hungary</Field>
 </Row>
 <Row>
  <Field name="Iceland">Iceland</Field>
 </Row>
 <Row>
  <Field name="India">India</Field>
 </Row>
 <Row>
  <Field name="Indonesia">Indonesia</Field>
 </Row>
 <Row>
  <Field name="Iran">Iran</Field>
 </Row>
 <Row>
  <Field name="Ireland">Ireland</Field>
 </Row>
 <Row>
  <Field name="Israel">Israel</Field>
 </Row>
 <Row>
  <Field name="Italy">Italy</Field>
 </Row>
 <Row>
  <Field name="Jamaica">Jamaica</Field>
 </Row>
 <Row>
  <Field name="Japan">Japan</Field>
 </Row>
 <Row>
  <Field name="Jordan">Jordan</Field>
 </Row>
 <Row>
  <Field name="Kazakhstan">Kazakhstan</Field>
 </Row>
 <Row>
  <Field name="Kenya">Kenya</Field>
 </Row>
 <Row>
  <Field name="Kiribati">Kiribati</Field>
 </Row>
 <Row>
  <Field name="Korea (South)">Korea (South)</Field>
 </Row>
 <Row>
  <Field name="Korea">Korea</Field>
 </Row>
 <Row>
  <Field name="Kuwait">Kuwait</Field>
 </Row>
 <Row>
  <Field name="Kyrgyzstan">Kyrgyzstan</Field>
 </Row>
 <Row>
  <Field name="Lao People's Democratic Republic">Lao People's Democratic Republic</Field>
 </Row>
 <Row>
  <Field name="Latvia">Latvia</Field>
 </Row>
 <Row>
  <Field name="Lebanon">Lebanon</Field>
 </Row>
 <Row>
  <Field name="Lesotho">Lesotho</Field>
 </Row>
 <Row>
  <Field name="Liberia">Liberia</Field>
 </Row>
 <Row>
  <Field name="Liechtenstein">Liechtenstein</Field>
 </Row>
 <Row>
  <Field name="Lithuania">Lithuania</Field>
 </Row>
 <Row>
  <Field name="Luxembourg">Luxembourg</Field>
 </Row>
 <Row>
  <Field name="Macau">Macau</Field>
 </Row>
 <Row>
  <Field name="Macedonia">Macedonia</Field>
 </Row>
 <Row>
  <Field name="Madagascar">Madagascar</Field>
 </Row>
 <Row>
  <Field name="Malawi">Malawi</Field>
 </Row>
 <Row>
  <Field name="Malaysia">Malaysia</Field>
 </Row>
 <Row>
  <Field name="Maldives">Maldives</Field>
 </Row>
 <Row>
  <Field name="Mali">Mali</Field>
 </Row>
 <Row>
  <Field name="Malta">Malta</Field>
 </Row>
 <Row>
  <Field name="Marshall Islands">Marshall Islands</Field>
 </Row>
 <Row>
  <Field name="Martinique">Martinique</Field>
 </Row>
 <Row>
  <Field name="Mauritania">Mauritania</Field>
 </Row>
 <Row>
  <Field name="Mauritius">Mauritius</Field>
 </Row>
 <Row>
  <Field name="Mayotte">Mayotte</Field>
 </Row>
 <Row>
  <Field name="Mexico">Mexico</Field>
 </Row>
 <Row>
  <Field name="Micronesia">Micronesia</Field>
 </Row>
 <Row>
  <Field name="Moldova">Moldova</Field>
 </Row>
 <Row>
  <Field name="Monaco">Monaco</Field>
 </Row>
 <Row>
  <Field name="Mongolia">Mongolia</Field>
 </Row>
 <Row>
  <Field name="Montserrat">Montserrat</Field>
 </Row>
 <Row>
  <Field name="Morocco">Morocco</Field>
 </Row>
 <Row>
  <Field name="Mozambique">Mozambique</Field>
 </Row>
 <Row>
  <Field name="Myanmar">Myanmar</Field>
 </Row>
 <Row>
  <Field name="Namibia">Namibia</Field>
 </Row>
 <Row>
  <Field name="Nauru">Nauru</Field>
 </Row>
 <Row>
  <Field name="Nepal">Nepal</Field>
 </Row>
 <Row>
  <Field name="Netherlands">Netherlands</Field>
 </Row>
 <Row>
  <Field name="Netherlands Antilles">Netherlands Antilles</Field>
 </Row>
 <Row>
  <Field name="New Caledonia">New Caledonia</Field>
 </Row>
 <Row>
  <Field name="New Zealand">New Zealand</Field>
 </Row>
 <Row>
  <Field name="Nicaragua">Nicaragua</Field>
 </Row>
 <Row>
  <Field name="Niger">Niger</Field>
 </Row>
 <Row>
  <Field name="Nigeria">Nigeria</Field>
 </Row>
 <Row>
  <Field name="Niue">Niue</Field>
 </Row>
 <Row>
  <Field name="Norfolk Island">Norfolk Island</Field>
 </Row>
 <Row>
  <Field name="Northern Ireland">Northern Ireland</Field>
 </Row>
 <Row>
  <Field name="Northern Mariana Islands">Northern Mariana Islands</Field>
 </Row>
 <Row>
  <Field name="Norway">Norway</Field>
 </Row>
 <Row>
  <Field name="Oman">Oman</Field>
 </Row>
 <Row>
  <Field name="Pakistan">Pakistan</Field>
 </Row>
 <Row>
  <Field name="Palau">Palau</Field>
 </Row>
 <Row>
  <Field name="Panama">Panama</Field>
 </Row>
 <Row>
  <Field name="Papua New Guinea">Papua New Guinea</Field>
 </Row>
 <Row>
  <Field name="Paraguay">Paraguay</Field>
 </Row>
 <Row>
  <Field name="Peru">Peru</Field>
 </Row>
 <Row>
  <Field name="Philippines">Philippines</Field>
 </Row>
 <Row>
  <Field name="Pitcairn">Pitcairn</Field>
 </Row>
 <Row>
  <Field name="Poland">Poland</Field>
 </Row>
 <Row>
  <Field name="Portugal">Portugal</Field>
 </Row>
 <Row>
  <Field name="Puerto Rico">Puerto Rico</Field>
 </Row>
 <Row>
  <Field name="Qatar">Qatar</Field>
 </Row>
 <Row>
  <Field name="Reunion">Reunion</Field>
 </Row>
 <Row>
  <Field name="Romania">Romania</Field>
 </Row>
 <Row>
  <Field name="Russia">Russia</Field>
 </Row>
 <Row>
  <Field name="Russian Federation">Russian
  Federation</Field>
 </Row>
 <Row>
  <Field name="Rwanda">Rwanda</Field>
 </Row>
 <Row>
  <Field name="Saint Kitts and Nevis">Saint Kitts and Nevis</Field>
 </Row>
 <Row>
  <Field name="Saint Lucia">Saint Lucia</Field>
 </Row>
 <Row>
  <Field name="Saint Vincent and the Grenadines">Saint Vincent and the Grenadines</Field>
 </Row>
 <Row>
  <Field name="Samoa (Independent)">Samoa (Independent)</Field>
 </Row>
 <Row>
  <Field name="San Marino">San Marino</Field>
 </Row>
 <Row>
  <Field name="Sao Tome and Principe">Sao Tome and Principe</Field>
 </Row>
 <Row>
  <Field name="Saudi Arabia">Saudi Arabia</Field>
 </Row>
 <Row>
  <Field name="Scotland">Scotland</Field>
 </Row>
 <Row>
  <Field name="Senegal">Senegal</Field>
 </Row>
 <Row>
  <Field name="Seychelles">Seychelles</Field>
 </Row>
 <Row>
  <Field name="Sierra Leone">Sierra Leone</Field>
 </Row>
 <Row>
  <Field name="Singapore">Singapore</Field>
 </Row>
 <Row>
  <Field name="Slovakia">Slovakia</Field>
 </Row>
 <Row>
  <Field name="Slovenia">Slovenia</Field>
 </Row>
 <Row>
  <Field name="Solomon Islands">Solomon Islands</Field>
 </Row>
 <Row>
  <Field name="Somalia">Somalia</Field>
 </Row>
 <Row>
  <Field name="South Africa">South Africa</Field>
 </Row>
 <Row>
  <Field name="South Georgia and the South Sandwich Islands">South Georgia and the South Sandwich Islands</Field>
 </Row>
 <Row>
  <Field name="South Korea">South Korea</Field>
 </Row>
 <Row>
  <Field name="Spain">Spain</Field>
 </Row>
 <Row>
  <Field name="Sri Lanka">Sri Lanka</Field>
 </Row>
 <Row>
  <Field name="St. Helena">St. Helena</Field>
 </Row>
 <Row>
  <Field name="St. Pierre and Miquelon">St. Pierre and Miquelon</Field>
 </Row>
 <Row>
  <Field name="Suriname">Suriname</Field>
 </Row>
 <Row>
  <Field name="Svalbard and Jan Mayen Islands">Svalbard and Jan Mayen Islands</Field>
 </Row>
 <Row>
  <Field name="Swaziland">Swaziland</Field>
 </Row>
 <Row>
  <Field name="Sweden">Sweden</Field>
 </Row>
 <Row>
  <Field name="Switzerland">Switzerland</Field>
 </Row>
 <Row>
  <Field name="Taiwan">Taiwan</Field>
 </Row>
 <Row>
  <Field name="Tajikistan">Tajikistan</Field>
 </Row>
 <Row>
  <Field name="Tanzania">Tanzania</Field>
 </Row>
 <Row>
  <Field name="Thailand">Thailand</Field>
 </Row>
 <Row>
  <Field name="Togo">Togo</Field>
 </Row>
 <Row>
  <Field name="Tokelau">Tokelau</Field>
 </Row>
 <Row>
  <Field name="Tonga">Tonga</Field>
 </Row>
 <Row>
  <Field name="Trinidad">Trinidad</Field>
 </Row>
 <Row>
  <Field name="Trinidad and Tobago">Trinidad and Tobago</Field>
 </Row>
 <Row>
  <Field name="Tunisia">Tunisia</Field>
 </Row>
 <Row>
  <Field name="Turkey">Turkey</Field>
 </Row>
 <Row>
  <Field name="Turkmenistan">Turkmenistan</Field>
 </Row>
 <Row>
  <Field name="Turks and Caicos Islands">Turks and Caicos Islands</Field>
 </Row>
 <Row>
  <Field name="Tuvalu">Tuvalu</Field>
 </Row>
 <Row>
  <Field name="USA">USA</Field>
 </Row>
 <Row>
  <Field name="Uganda">Uganda</Field>
 </Row>
 <Row>
  <Field name="Ukraine">Ukraine</Field>
 </Row>
 <Row>
  <Field name="United Arab Emirates">United Arab Emirates</Field>
 </Row>
 <Row>
  <Field name="United Kingdom">United Kingdom</Field>
 </Row>
 <Row>
  <Field name="United States Minor Outlying Islands">United States Minor Outlying Islands</Field>
 </Row>
 <Row>
  <Field name="Uruguay">Uruguay</Field>
 </Row>
 <Row>
  <Field name="Uzbekistan">Uzbekistan</Field>
 </Row>
 <Row>
  <Field name="Vanuatu">Vanuatu</Field>
 </Row>
 <Row>
  <Field name="Vatican City State (Holy See)">Vatican City State</Field>
 </Row>
 <Row>
  <Field name="Venezuela">Venezuela</Field>
 </Row>
 <Row>
  <Field name="Viet Nam">Viet Nam</Field>
 </Row>
 <Row>
  <Field name="Virgin Islands (British)">Virgin Islands (British)</Field>
 </Row>
 <Row>
  <Field name="Virgin Islands (U.S.)">Virgin Islands (U.S.)</Field>
 </Row>
 <Row>
  <Field name="Wales">Wales</Field>
 </Row>
 <Row>
  <Field name="Wallis and Futuna Islands">Wallis and Futuna Islands</Field>
 </Row>
 <Row>
  <Field name="Western Sahara">Western Sahara</Field>
 </Row>
 <Row>
  <Field name="Yemen">Yemen</Field>
 </Row>
 <Row>
  <Field name="Zambia">Zambia</Field>
 </Row>
 <Row>
  <Field name="Zimbabwe">Zimbabwe</Field>
 </Row>
 <Row>
  <Field name="United States">United States</Field>
 </Row>
</<ContensiveContent>
