<ContensiveCDef>
<CDef Name="Page Content" ActiveOnly="True" AdminOnly="False" AliasID="ID" AliasName="NAME" AllowAdd="True" AllowCalendarEvents="True" AllowContentTracking="True" AllowDelete="True" AllowTopicRules="True" AllowWorkflowAuthoring="True" AuthoringDataSourceName="DEFAULT" AuthoringTableName="ccPageContent" ContentDataSourceName="DEFAULT" ContentTableName="ccPageContent" DefaultSortMethod="By Name" DeveloperOnly="False" DropDownFieldList="NAME" EditorGroupName="" IgnoreContentControl="False" Parent="" >
<Field Name="DocLabel" active="true" AdminOnly="False" Authorable="true" Caption="Download File Label" DeveloperOnly="False" EditSortPriority="1030" FieldType="2" HTMLContent="False" IndexColumn="99" IndexSortDirection="0" IndexSortOrder="0" IndexWidth="0" LookupContent="" NotEditable="False" Password="False" ReadOnly="False" RedirectContent="" RedirectID="" RedirectPath="" Required="False" TextBuffered="False" UniqueName="False" DefaultValue="" />
<Field Name="DocFilename" active="true" AdminOnly="False" Authorable="true" Caption="Download File" DeveloperOnly="False" EditSortPriority="1040" FieldType="6" HTMLContent="False" IndexColumn="99" IndexSortDirection="0" IndexSortOrder="0" IndexWidth="0" LookupContent="" NotEditable="False" Password="False" ReadOnly="False" RedirectContent="" RedirectID="" RedirectPath="" Required="False" TextBuffered="False" UniqueName="False" DefaultValue="" />
<Field Name="Link" active="true" AdminOnly="False" Authorable="true" Caption="Link" DeveloperOnly="False" EditSortPriority="1050" FieldType="2" HTMLContent="False" IndexColumn="99" IndexSortDirection="0" IndexSortOrder="0" IndexWidth="0" LookupContent="" NotEditable="False" Password="False" ReadOnly="False" RedirectContent="" RedirectID="" RedirectPath="" Required="False" TextBuffered="False" UniqueName="False" DefaultValue="" />
<Field Name="LinkLabel" active="true" AdminOnly="False" Authorable="true" Caption="Link Label" DeveloperOnly="False" EditSortPriority="1060" FieldType="2" HTMLContent="False" IndexColumn="99" IndexSortDirection="0" IndexSortOrder="0" IndexWidth="0" LookupContent="" NotEditable="False" Password="False" ReadOnly="False" RedirectContent="" RedirectID="" RedirectPath="" Required="False" TextBuffered="False" UniqueName="False" DefaultValue="" />
<Field Name="Clicks" active="true" AdminOnly="False" Authorable="true" Caption="Link Clicks" DeveloperOnly="False" EditSortPriority="1065" FieldType="1" HTMLContent="False" IndexColumn="99" IndexSortDirection="0" IndexSortOrder="0" IndexWidth="0" LookupContent="" NotEditable="False" Password="False" ReadOnly="True" RedirectContent="" RedirectID="" RedirectPath="" Required="False" TextBuffered="False" UniqueName="False" DefaultValue="0" />
<Field Name="ImageFilename" active="true" AdminOnly="False" Authorable="true" Caption="Image" DeveloperOnly="False" EditSortPriority="1070" FieldType="6" HTMLContent="False" IndexColumn="99" IndexSortDirection="0" IndexSortOrder="0" IndexWidth="0" LookupContent="" NotEditable="False" Password="False" ReadOnly="False" RedirectContent="" RedirectID="" RedirectPath="" Required="False" TextBuffered="False" UniqueName="False" DefaultValue="" />
</CDef>
</ContensiveCDef>
