<ContensiveCDef>
	<CDef Name="Memberships" ContentTableName="ccMemberShips" AuthoringTableName="" ActiveOnly="True" AliasID="ID" AliasName="NAME" DefaultSortMethod="Name" DropDownFieldList="NAME" EditorGroupName="" IgnoreContentControl="False" Parent="" DeveloperOnly="0" ContentDataSourceName="DEFAULT" AuthoringDataSourceName="DEFAULT" AllowTopicRules="false" AllowWorkflowAuthoring="False" AllowDelete="True" AllowContentTracking="false" AllowCalendarEvents="false" AllowAdd="True" AdminOnly="false">
		<Field Name="MembershipTypeID" Caption="Membership Type" EditSortPriority="9999" FieldType="7" active="True" AdminOnly="False" Authorable="True" DeveloperOnly="False" HTMLContent="False" IndexColumn="99" IndexSortDirection="0" IndexSortOrder="0" IndexWidth="0" LookupContent="Membership Types" NotEditable="False" Password="False" ReadOnly="False" RedirectContent="" RedirectID="" RedirectPath="" Required="False" TextBuffered="False" UniqueName="False" DefaultValue="" />
		<Field Name="InitialAmount" Caption="Initial Amount" EditSortPriority="9999" FieldType="9" active="True" AdminOnly="False" Authorable="True" DeveloperOnly="False" HTMLContent="False" IndexColumn="99" IndexSortDirection="0" IndexSortOrder="0" IndexWidth="0" LookupContent="" NotEditable="False" Password="False" ReadOnly="False" RedirectContent="" RedirectID="" RedirectPath="" Required="False" TextBuffered="False" UniqueName="False" DefaultValue="" />
		<Field Name="PaidAmount" Caption="Paid Amount" EditSortPriority="9999" FieldType="9" active="True" AdminOnly="False" Authorable="True" DeveloperOnly="False" HTMLContent="False" IndexColumn="99" IndexSortDirection="0" IndexSortOrder="0" IndexWidth="0" LookupContent="" NotEditable="False" Password="False" ReadOnly="False" RedirectContent="" RedirectID="" RedirectPath="" Required="False" TextBuffered="False" UniqueName="False" DefaultValue="" />
		<Field Name="AmountPaid" Caption="Amount Paid" EditSortPriority="9999" FieldType="9" active="True" AdminOnly="False" Authorable="True" DeveloperOnly="False" HTMLContent="False" IndexColumn="99" IndexSortDirection="0" IndexSortOrder="0" IndexWidth="0" LookupContent="" NotEditable="False" Password="False" ReadOnly="False" RedirectContent="" RedirectID="" RedirectPath="" Required="False" TextBuffered="False" UniqueName="False" DefaultValue="" />
		<Field Name="Amount" Caption="Amount" EditSortPriority="9999" FieldType="9" active="True" AdminOnly="False" Authorable="True" DeveloperOnly="False" HTMLContent="False" IndexColumn="99" IndexSortDirection="0" IndexSortOrder="0" IndexWidth="0" LookupContent="" NotEditable="False" Password="False" ReadOnly="False" RedirectContent="" RedirectID="" RedirectPath="" Required="False" TextBuffered="False" UniqueName="False" DefaultValue="" />
		<Field Name="DateExpires" Caption="DateExpires" EditSortPriority="9999" FieldType="5" active="True" AdminOnly="False" Authorable="True" DeveloperOnly="False" HTMLContent="False" IndexColumn="99" IndexSortDirection="0" IndexSortOrder="0" IndexWidth="0" LookupContent="" NotEditable="False" Password="False" ReadOnly="False" RedirectContent="" RedirectID="" RedirectPath="" Required="False" TextBuffered="False" UniqueName="False" DefaultValue="" />
		<Field Name="Address1" active="True" AdminOnly="False" Authorable="True" Caption="Address Line 1" DeveloperOnly="False" EditSortPriority="9999" FieldType="2" HTMLContent="False" IndexColumn="99" IndexSortDirection="0" IndexSortOrder="0" IndexWidth="0" LookupContent="" NotEditable="False" Password="False" ReadOnly="False" RedirectContent="" RedirectID="" RedirectPath="" Required="False" TextBuffered="False" UniqueName="False" DefaultValue="" />
		<Field Name="Address2" active="True" AdminOnly="False" Authorable="True" Caption="Address Line 2" DeveloperOnly="False" EditSortPriority="9999" FieldType="2" HTMLContent="False" IndexColumn="99" IndexSortDirection="0" IndexSortOrder="0" IndexWidth="0" LookupContent="" NotEditable="False" Password="False" ReadOnly="False" RedirectContent="" RedirectID="" RedirectPath="" Required="False" TextBuffered="False" UniqueName="False" DefaultValue="" />
		<Field Name="City" active="True" AdminOnly="False" Authorable="True" Caption="City" DeveloperOnly="False" EditSortPriority="9999" FieldType="2" HTMLContent="False" IndexColumn="99" IndexSortDirection="0" IndexSortOrder="0" IndexWidth="0" LookupContent="" NotEditable="False" Password="False" ReadOnly="False" RedirectContent="" RedirectID="" RedirectPath="" Required="False" TextBuffered="False" UniqueName="False" DefaultValue="" />
		<Field Name="State" active="True" AdminOnly="False" Authorable="True" Caption="State" DeveloperOnly="False" EditSortPriority="9999" FieldType="2" HTMLContent="False" IndexColumn="99" IndexSortDirection="0" IndexSortOrder="0" IndexWidth="0" LookupContent="" NotEditable="False" Password="False" ReadOnly="False" RedirectContent="" RedirectID="" RedirectPath="" Required="False" TextBuffered="False" UniqueName="False" DefaultValue="" />
		<Field Name="Zip" active="True" AdminOnly="False" Authorable="True" Caption="Zip" DeveloperOnly="False" EditSortPriority="9999" FieldType="2" HTMLContent="False" IndexColumn="99" IndexSortDirection="0" IndexSortOrder="0" IndexWidth="0" LookupContent="" NotEditable="False" Password="False" ReadOnly="False" RedirectContent="" RedirectID="" RedirectPath="" Required="False" TextBuffered="False" UniqueName="False" DefaultValue="" />
		<Field Name="Country" active="True" AdminOnly="False" Authorable="True" Caption="Country" DeveloperOnly="False" EditSortPriority="9999" FieldType="2" HTMLContent="False" IndexColumn="99" IndexSortDirection="0" IndexSortOrder="0" IndexWidth="0" LookupContent="" NotEditable="False" Password="False" ReadOnly="False" RedirectContent="" RedirectID="" RedirectPath="" Required="False" TextBuffered="False" UniqueName="False" DefaultValue="" />
		<Field Name="Email" active="True" AdminOnly="False" Authorable="True" Caption="Email" DeveloperOnly="False" EditSortPriority="9999" FieldType="2" HTMLContent="False" IndexColumn="99" IndexSortDirection="0" IndexSortOrder="0" IndexWidth="0" LookupContent="" NotEditable="False" Password="False" ReadOnly="False" RedirectContent="" RedirectID="" RedirectPath="" Required="False" TextBuffered="False" UniqueName="False" DefaultValue="" />
		<Field Name="BillingContact" active="True" AdminOnly="False" Authorable="True" Caption="Billing Contact" DeveloperOnly="False" EditSortPriority="9999" FieldType="2" HTMLContent="False" IndexColumn="99" IndexSortDirection="0" IndexSortOrder="0" IndexWidth="0" LookupContent="" NotEditable="False" Password="False" ReadOnly="False" RedirectContent="" RedirectID="" RedirectPath="" Required="False" TextBuffered="False" UniqueName="False" DefaultValue="" />
		<Field Name="MemberSince" Caption="Member Since" EditSortPriority="9999" FieldType="5" active="True" AdminOnly="False" Authorable="True" DeveloperOnly="False" HTMLContent="False" IndexColumn="99" IndexSortDirection="0" IndexSortOrder="0" IndexWidth="0" LookupContent="" NotEditable="False" Password="False" ReadOnly="False" RedirectContent="" RedirectID="" RedirectPath="" Required="False" TextBuffered="False" UniqueName="False" DefaultValue="" />
		<Field Name="Comments" Caption="Comments" EditSortPriority="9999" FieldType="10" active="True" AdminOnly="False" Authorable="True" DeveloperOnly="False" HTMLContent="true" IndexColumn="99" IndexSortDirection="0" IndexSortOrder="0" IndexWidth="0" LookupContent="" NotEditable="False" Password="False" ReadOnly="False" RedirectContent="" RedirectID="" RedirectPath="" Required="False" TextBuffered="False" UniqueName="False" DefaultValue="" />
		<Field Name="MembershipTerm" Caption="Membership Term" EditSortPriority="9999" FieldType="1" active="True" AdminOnly="False" Authorable="True" DeveloperOnly="False" HTMLContent="true" IndexColumn="99" IndexSortDirection="0" IndexSortOrder="0" IndexWidth="0" LookupContent="" NotEditable="False" Password="False" ReadOnly="False" RedirectContent="" RedirectID="" RedirectPath="" Required="False" TextBuffered="False" UniqueName="False" DefaultValue="" />
		<Field Name="RenewalSchedule" Caption="Renewal Schedule" EditSortPriority="9999" FieldType="1" active="True" AdminOnly="False" Authorable="True" DeveloperOnly="False" HTMLContent="true" IndexColumn="99" IndexSortDirection="0" IndexSortOrder="0" IndexWidth="0" LookupContent="" NotEditable="False" Password="False" ReadOnly="False" RedirectContent="" RedirectID="" RedirectPath="" Required="False" TextBuffered="False" UniqueName="False" DefaultValue="" />
		</CDef>
	<CDef Name="Membership Types" ContentTableName="ccMembershipTypes" AuthoringTableName="" ActiveOnly="True" AliasID="ID" AliasName="NAME" DefaultSortMethod="Name" DropDownFieldList="NAME" EditorGroupName="" IgnoreContentControl="False" Parent="" DeveloperOnly="0" ContentDataSourceName="DEFAULT" AuthoringDataSourceName="DEFAULT" AllowTopicRules="false" AllowWorkflowAuthoring="False" AllowDelete="True" AllowContentTracking="false" AllowCalendarEvents="false" AllowAdd="True" AdminOnly="false">
		<Field Name="Amount" Caption="Amount" EditSortPriority="9999" FieldType="9" active="True" AdminOnly="False" Authorable="True" DeveloperOnly="False" HTMLContent="False" IndexColumn="99" IndexSortDirection="0" IndexSortOrder="0" IndexWidth="0" LookupContent="" NotEditable="False" Password="False" ReadOnly="False" RedirectContent="" RedirectID="" RedirectPath="" Required="False" TextBuffered="False" UniqueName="False" DefaultValue="" />
		<Field Name="MembershipTerm" Caption="Membership Term" EditSortPriority="9999" FieldType="1" active="True" AdminOnly="False" Authorable="True" DeveloperOnly="False" HTMLContent="true" IndexColumn="99" IndexSortDirection="0" IndexSortOrder="0" IndexWidth="0" LookupContent="" NotEditable="False" Password="False" ReadOnly="False" RedirectContent="" RedirectID="" RedirectPath="" Required="False" TextBuffered="False" UniqueName="False" DefaultValue="" />
		<Field Name="RenewalSchedule" Caption="Renewal Schedule" EditSortPriority="9999" FieldType="1" active="True" AdminOnly="False" Authorable="True" DeveloperOnly="False" HTMLContent="true" IndexColumn="99" IndexSortDirection="0" IndexSortOrder="0" IndexWidth="0" LookupContent="" NotEditable="False" Password="False" ReadOnly="False" RedirectContent="" RedirectID="" RedirectPath="" Required="False" TextBuffered="False" UniqueName="False" DefaultValue="" />
		</CDef>
	<CDef Name="Mail Types" ContentTableName="ccMailTypes" AuthoringTableName="" ActiveOnly="True" AliasID="ID" AliasName="NAME" DefaultSortMethod="Name" DropDownFieldList="NAME" EditorGroupName="" IgnoreContentControl="False" Parent="" DeveloperOnly="0" ContentDataSourceName="DEFAULT" AuthoringDataSourceName="DEFAULT" AllowTopicRules="false" AllowWorkflowAuthoring="False" AllowDelete="True" AllowContentTracking="false" AllowCalendarEvents="false" AllowAdd="True" AdminOnly="false">
		</CDef>
	<CDef Name="People" ActiveOnly="True" AdminOnly="True" AliasID="ID" AliasName="NAME" AllowAdd="True" AllowCalendarEvents="False" AllowContentTracking="False" AllowDelete="True" AllowTopicRules="False" AllowWorkflowAuthoring="False" AuthoringDataSourceName="DEFAULT" AuthoringTableName="ccMembers" ContentDataSourceName="DEFAULT" ContentTableName="ccMembers" DefaultSortMethod="By Name" DeveloperOnly="False" DropDownFieldList="NAME" EditorGroupName="" IgnoreContentControl="False" Parent="" >
		<Field Name="NamePrefix" active="True" AdminOnly="False" Authorable="True" Caption="Address Line 1" DeveloperOnly="False" EditSortPriority="9999" FieldType="2" HTMLContent="False" IndexColumn="99" IndexSortDirection="0" IndexSortOrder="0" IndexWidth="0" LookupContent="" NotEditable="False" Password="False" ReadOnly="False" RedirectContent="" RedirectID="" RedirectPath="" Required="False" TextBuffered="False" UniqueName="False" DefaultValue="" />
		<Field Name="MembershipID" Caption="Membership" EditSortPriority="9999" FieldType="7" active="True" AdminOnly="False" Authorable="True" DeveloperOnly="False" HTMLContent="False" IndexColumn="99" IndexSortDirection="0" IndexSortOrder="0" IndexWidth="0" LookupContent="Memberships" NotEditable="False" Password="False" ReadOnly="False" RedirectContent="" RedirectID="" RedirectPath="" Required="False" TextBuffered="False" UniqueName="False" DefaultValue="" />
		<Field Name="MailTypeID" Caption="Mail Type" EditSortPriority="9999" FieldType="7" LookupContent="Mail Types" active="True" AdminOnly="False" Authorable="True" DeveloperOnly="False" HTMLContent="False" IndexColumn="99" IndexSortDirection="0" IndexSortOrder="0" IndexWidth="0" NotEditable="False" Password="False" ReadOnly="False" RedirectContent="" RedirectID="" RedirectPath="" Required="False" TextBuffered="False" UniqueName="False" DefaultValue="" />
		<Field Name="PrimaryAddressSameAsCompany" Caption="Primary Address From Company" EditSortPriority="9999" FieldType="4" LookupContent="People Address Types" active="True" AdminOnly="False" Authorable="True" DeveloperOnly="False" HTMLContent="False" IndexColumn="99" IndexSortDirection="0" IndexSortOrder="0" IndexWidth="0" NotEditable="False" Password="False" ReadOnly="False" RedirectContent="" RedirectID="" RedirectPath="" Required="False" TextBuffered="False" UniqueName="False" DefaultValue="" />
		</CDef>
	<CDef Name="People Address Types" ContentTableName="ccAddressTypes" AuthoringTableName="" ActiveOnly="True" AliasID="ID" AliasName="NAME" DefaultSortMethod="Name" DropDownFieldList="NAME" EditorGroupName="" IgnoreContentControl="False" Parent="" DeveloperOnly="0" ContentDataSourceName="DEFAULT" AuthoringDataSourceName="DEFAULT" AllowTopicRules="false" AllowWorkflowAuthoring="False" AllowDelete="True" AllowContentTracking="false" AllowCalendarEvents="false" AllowAdd="True" AdminOnly="false">
		</CDef>
	<CDef Name="People Addresses" ContentTableName="ccMemberAddresses" AuthoringTableName="" ActiveOnly="True" AliasID="ID" AliasName="NAME" DefaultSortMethod="Name" DropDownFieldList="NAME" EditorGroupName="" IgnoreContentControl="False" Parent="" DeveloperOnly="0" ContentDataSourceName="DEFAULT" AuthoringDataSourceName="DEFAULT" AllowTopicRules="false" AllowWorkflowAuthoring="False" AllowDelete="True" AllowContentTracking="false" AllowCalendarEvents="false" AllowAdd="True" AdminOnly="false">
		<Field Name="MemberID" Caption="Member" EditSortPriority="9999" FieldType="7" LookupContent="People" active="True" AdminOnly="False" Authorable="True" DeveloperOnly="False" HTMLContent="False" IndexColumn="99" IndexSortDirection="0" IndexSortOrder="0" IndexWidth="0" NotEditable="False" Password="False" ReadOnly="False" RedirectContent="" RedirectID="" RedirectPath="" Required="False" TextBuffered="False" UniqueName="False" DefaultValue="" />
		<Field Name="Address1" active="True" AdminOnly="False" Authorable="True" Caption="Address Line 1" DeveloperOnly="False" EditSortPriority="9999" FieldType="2" HTMLContent="False" IndexColumn="99" IndexSortDirection="0" IndexSortOrder="0" IndexWidth="0" LookupContent="" NotEditable="False" Password="False" ReadOnly="False" RedirectContent="" RedirectID="" RedirectPath="" Required="False" TextBuffered="False" UniqueName="False" DefaultValue="" />
		<Field Name="Address2" active="True" AdminOnly="False" Authorable="True" Caption="Address Line 2" DeveloperOnly="False" EditSortPriority="9999" FieldType="2" HTMLContent="False" IndexColumn="99" IndexSortDirection="0" IndexSortOrder="0" IndexWidth="0" LookupContent="" NotEditable="False" Password="False" ReadOnly="False" RedirectContent="" RedirectID="" RedirectPath="" Required="False" TextBuffered="False" UniqueName="False" DefaultValue="" />
		<Field Name="City" active="True" AdminOnly="False" Authorable="True" Caption="City" DeveloperOnly="False" EditSortPriority="9999" FieldType="2" HTMLContent="False" IndexColumn="99" IndexSortDirection="0" IndexSortOrder="0" IndexWidth="0" LookupContent="" NotEditable="False" Password="False" ReadOnly="False" RedirectContent="" RedirectID="" RedirectPath="" Required="False" TextBuffered="False" UniqueName="False" DefaultValue="" />
		<Field Name="State" active="True" AdminOnly="False" Authorable="True" Caption="State" DeveloperOnly="False" EditSortPriority="9999" FieldType="2" HTMLContent="False" IndexColumn="99" IndexSortDirection="0" IndexSortOrder="0" IndexWidth="0" LookupContent="" NotEditable="False" Password="False" ReadOnly="False" RedirectContent="" RedirectID="" RedirectPath="" Required="False" TextBuffered="False" UniqueName="False" DefaultValue="" />
		<Field Name="Zip" active="True" AdminOnly="False" Authorable="True" Caption="Zip" DeveloperOnly="False" EditSortPriority="9999" FieldType="2" HTMLContent="False" IndexColumn="99" IndexSortDirection="0" IndexSortOrder="0" IndexWidth="0" LookupContent="" NotEditable="False" Password="False" ReadOnly="False" RedirectContent="" RedirectID="" RedirectPath="" Required="False" TextBuffered="False" UniqueName="False" DefaultValue="" />
		<Field Name="Country" active="True" AdminOnly="False" Authorable="True" Caption="Country" DeveloperOnly="False" EditSortPriority="9999" FieldType="2" HTMLContent="False" IndexColumn="99" IndexSortDirection="0" IndexSortOrder="0" IndexWidth="0" LookupContent="" NotEditable="False" Password="False" ReadOnly="False" RedirectContent="" RedirectID="" RedirectPath="" Required="False" TextBuffered="False" UniqueName="False" DefaultValue="" />
		<Field Name="Email" active="True" AdminOnly="False" Authorable="True" Caption="Email" DeveloperOnly="False" EditSortPriority="9999" FieldType="2" HTMLContent="False" IndexColumn="99" IndexSortDirection="0" IndexSortOrder="0" IndexWidth="0" LookupContent="" NotEditable="False" Password="False" ReadOnly="False" RedirectContent="" RedirectID="" RedirectPath="" Required="False" TextBuffered="False" UniqueName="False" DefaultValue="" />
		<Field Name="AddressTypeID" Caption="Address Type" EditSortPriority="9999" FieldType="7" LookupContent="People Address Types" active="True" AdminOnly="False" Authorable="True" DeveloperOnly="False" HTMLContent="False" IndexColumn="99" IndexSortDirection="0" IndexSortOrder="0" IndexWidth="0" NotEditable="False" Password="False" ReadOnly="False" RedirectContent="" RedirectID="" RedirectPath="" Required="False" TextBuffered="False" UniqueName="False" DefaultValue="" />
		</CDef>
	<CDef Name="People Phones" ContentTableName="ccMemberPhones" AuthoringTableName="" ActiveOnly="True" AliasID="ID" AliasName="NAME" DefaultSortMethod="Name" DropDownFieldList="NAME" EditorGroupName="" IgnoreContentControl="False" Parent="" DeveloperOnly="0" ContentDataSourceName="DEFAULT" AuthoringDataSourceName="DEFAULT" AllowTopicRules="false" AllowWorkflowAuthoring="False" AllowDelete="True" AllowContentTracking="false" AllowCalendarEvents="false" AllowAdd="True" AdminOnly="false">
		<Field Name="PhoneNumber" Caption="Number" EditSortPriority="9999" active="True" AdminOnly="False" Authorable="True" DeveloperOnly="False" FieldType="2" HTMLContent="False" IndexColumn="99" IndexSortDirection="0" IndexSortOrder="0" IndexWidth="0" LookupContent="" NotEditable="False" Password="False" ReadOnly="False" RedirectContent="" RedirectID="" RedirectPath="" Required="False" TextBuffered="False" UniqueName="False" DefaultValue="" />
		<Field Name="PhoneTypeID" Caption="Phone Type" EditSortPriority="9999" FieldType="7" LookupContent="Phone Types" active="True" AdminOnly="False" Authorable="True" DeveloperOnly="False" HTMLContent="False" IndexColumn="99" IndexSortDirection="0" IndexSortOrder="0" IndexWidth="0" NotEditable="False" Password="False" ReadOnly="False" RedirectContent="" RedirectID="" RedirectPath="" Required="False" TextBuffered="False" UniqueName="False" DefaultValue="" />
		<Field Name="Extension" Caption="Extension" EditSortPriority="9999" active="True" AdminOnly="False" Authorable="True" DeveloperOnly="False" FieldType="2" HTMLContent="False" IndexColumn="99" IndexSortDirection="0" IndexSortOrder="0" IndexWidth="0" LookupContent="" NotEditable="False" Password="False" ReadOnly="False" RedirectContent="" RedirectID="" RedirectPath="" Required="False" TextBuffered="False" UniqueName="False" DefaultValue="" />
		<Field Name="MemberID" Caption="Member" EditSortPriority="9999" FieldType="7" LookupContent="People" active="True" AdminOnly="False" Authorable="True" DeveloperOnly="False" HTMLContent="False" IndexColumn="99" IndexSortDirection="0" IndexSortOrder="0" IndexWidth="0" NotEditable="False" Password="False" ReadOnly="False" RedirectContent="" RedirectID="" RedirectPath="" Required="False" TextBuffered="False" UniqueName="False" DefaultValue="" />
		</CDef>
	<CDef Name="Organizations" ActiveOnly="True" AdminOnly="False" AliasID="ID" AliasName="NAME" AllowAdd="True" AllowCalendarEvents="False" AllowContentTracking="False" AllowDelete="True" AllowTopicRules="False" AllowWorkflowAuthoring="False" AuthoringDataSourceName="DEFAULT" AuthoringTableName="organizations" ContentDataSourceName="DEFAULT" ContentTableName="organizations" DefaultSortMethod="By Name" DeveloperOnly="False" DropDownFieldList="NAME" EditorGroupName="" IgnoreContentControl="False" Parent="" >
		<Field Name="MembershipID" Caption="Membership" EditSortPriority="9999" FieldType="7" LookupContent="Memberships" active="True" AdminOnly="False" Authorable="True" DeveloperOnly="False" HTMLContent="False" IndexColumn="99" IndexSortDirection="0" IndexSortOrder="0" IndexWidth="0" NotEditable="False" Password="False" ReadOnly="False" RedirectContent="" RedirectID="" RedirectPath="" Required="False" TextBuffered="False" UniqueName="False" DefaultValue="" />
		<Field Name="OrganizationTypeID" Caption="Organization Type" EditSortPriority="9999" FieldType="7" LookupContent="Organization Types" active="True" AdminOnly="False" Authorable="True" DeveloperOnly="False" HTMLContent="False" IndexColumn="99" IndexSortDirection="0" IndexSortOrder="0" IndexWidth="0" NotEditable="False" Password="False" ReadOnly="False" RedirectContent="" RedirectID="" RedirectPath="" Required="False" TextBuffered="False" UniqueName="False" DefaultValue="" />
		<Field Name="ReferredByMemberID" Caption="Referred By Member" EditSortPriority="9999" FieldType="7" LookupContent="People" active="True" AdminOnly="False" Authorable="True" DeveloperOnly="False" HTMLContent="False" IndexColumn="99" IndexSortDirection="0" IndexSortOrder="0" IndexWidth="0" NotEditable="False" Password="False" ReadOnly="False" RedirectContent="" RedirectID="" RedirectPath="" Required="False" TextBuffered="False" UniqueName="False" DefaultValue="" />
		<Field Name="ParentID" Caption="Parent" EditSortPriority="9999" FieldType="7" LookupContent="Organizations" active="True" AdminOnly="False" Authorable="True" DeveloperOnly="False" HTMLContent="False" IndexColumn="99" IndexSortDirection="0" IndexSortOrder="0" IndexWidth="0" NotEditable="False" Password="False" ReadOnly="False" RedirectContent="" RedirectID="" RedirectPath="" Required="False" TextBuffered="False" UniqueName="False" DefaultValue="" />
		<Field Name="NonMemberParent" Caption="Non Member Parent" EditSortPriority="9999" active="True" AdminOnly="False" Authorable="True" DeveloperOnly="False" FieldType="2" HTMLContent="False" IndexColumn="99" IndexSortDirection="0" IndexSortOrder="0" IndexWidth="0" LookupContent="" NotEditable="False" Password="False" ReadOnly="False" RedirectContent="" RedirectID="" RedirectPath="" Required="False" TextBuffered="False" UniqueName="False" DefaultValue="" />
		</CDef>
	<CDef Name="Organization Types" ContentTableName="OrganizationTypes" AuthoringTableName="" ActiveOnly="True" AliasID="ID" AliasName="NAME" DefaultSortMethod="Name" DropDownFieldList="NAME" EditorGroupName="" IgnoreContentControl="False" Parent="" DeveloperOnly="0" ContentDataSourceName="DEFAULT" AuthoringDataSourceName="DEFAULT" AllowTopicRules="false" AllowWorkflowAuthoring="False" AllowDelete="True" AllowContentTracking="false" AllowCalendarEvents="false" AllowAdd="True" AdminOnly="false">
		</CDef>
	<CDef Name="Organization Addresses" ContentTableName="OrganizationAddresses" AuthoringTableName="" ActiveOnly="True" AliasID="ID" AliasName="NAME" DefaultSortMethod="Name" DropDownFieldList="NAME" EditorGroupName="" IgnoreContentControl="False" Parent="" DeveloperOnly="0" ContentDataSourceName="DEFAULT" AuthoringDataSourceName="DEFAULT" AllowTopicRules="false" AllowWorkflowAuthoring="False" AllowDelete="True" AllowContentTracking="false" AllowCalendarEvents="false" AllowAdd="True" AdminOnly="false">
		<Field Name="Address1" active="True" AdminOnly="False" Authorable="True" Caption="Address Line 1" DeveloperOnly="False" EditSortPriority="9999" FieldType="2" HTMLContent="False" IndexColumn="99" IndexSortDirection="0" IndexSortOrder="0" IndexWidth="0" LookupContent="" NotEditable="False" Password="False" ReadOnly="False" RedirectContent="" RedirectID="" RedirectPath="" Required="False" TextBuffered="False" UniqueName="False" DefaultValue="" />
		<Field Name="Address2" active="True" AdminOnly="False" Authorable="True" Caption="Address Line 2" DeveloperOnly="False" EditSortPriority="9999" FieldType="2" HTMLContent="False" IndexColumn="99" IndexSortDirection="0" IndexSortOrder="0" IndexWidth="0" LookupContent="" NotEditable="False" Password="False" ReadOnly="False" RedirectContent="" RedirectID="" RedirectPath="" Required="False" TextBuffered="False" UniqueName="False" DefaultValue="" />
		<Field Name="City" active="True" AdminOnly="False" Authorable="True" Caption="City" DeveloperOnly="False" EditSortPriority="9999" FieldType="2" HTMLContent="False" IndexColumn="99" IndexSortDirection="0" IndexSortOrder="0" IndexWidth="0" LookupContent="" NotEditable="False" Password="False" ReadOnly="False" RedirectContent="" RedirectID="" RedirectPath="" Required="False" TextBuffered="False" UniqueName="False" DefaultValue="" />
		<Field Name="State" active="True" AdminOnly="False" Authorable="True" Caption="State" DeveloperOnly="False" EditSortPriority="9999" FieldType="2" HTMLContent="False" IndexColumn="99" IndexSortDirection="0" IndexSortOrder="0" IndexWidth="0" LookupContent="" NotEditable="False" Password="False" ReadOnly="False" RedirectContent="" RedirectID="" RedirectPath="" Required="False" TextBuffered="False" UniqueName="False" DefaultValue="" />
		<Field Name="Zip" active="True" AdminOnly="False" Authorable="True" Caption="Zip" DeveloperOnly="False" EditSortPriority="9999" FieldType="2" HTMLContent="False" IndexColumn="99" IndexSortDirection="0" IndexSortOrder="0" IndexWidth="0" LookupContent="" NotEditable="False" Password="False" ReadOnly="False" RedirectContent="" RedirectID="" RedirectPath="" Required="False" TextBuffered="False" UniqueName="False" DefaultValue="" />
		<Field Name="Country" active="True" AdminOnly="False" Authorable="True" Caption="Country" DeveloperOnly="False" EditSortPriority="9999" FieldType="2" HTMLContent="False" IndexColumn="99" IndexSortDirection="0" IndexSortOrder="0" IndexWidth="0" LookupContent="" NotEditable="False" Password="False" ReadOnly="False" RedirectContent="" RedirectID="" RedirectPath="" Required="False" TextBuffered="False" UniqueName="False" DefaultValue="" />
		<Field Name="Phone" active="True" AdminOnly="False" Authorable="True" Caption="Phone" DeveloperOnly="False" EditSortPriority="9999" FieldType="2" HTMLContent="False" IndexColumn="99" IndexSortDirection="0" IndexSortOrder="0" IndexWidth="0" LookupContent="" NotEditable="False" Password="False" ReadOnly="False" RedirectContent="" RedirectID="" RedirectPath="" Required="False" TextBuffered="False" UniqueName="False" DefaultValue="" />
		<Field Name="Fax" active="True" AdminOnly="False" Authorable="True" Caption="Fax" DeveloperOnly="False" EditSortPriority="9999" FieldType="2" HTMLContent="False" IndexColumn="99" IndexSortDirection="0" IndexSortOrder="0" IndexWidth="0" LookupContent="" NotEditable="False" Password="False" ReadOnly="False" RedirectContent="" RedirectID="" RedirectPath="" Required="False" TextBuffered="False" UniqueName="False" DefaultValue="" />
		<Field Name="Email" active="True" AdminOnly="False" Authorable="True" Caption="Email" DeveloperOnly="False" EditSortPriority="9999" FieldType="2" HTMLContent="False" IndexColumn="99" IndexSortDirection="0" IndexSortOrder="0" IndexWidth="0" LookupContent="" NotEditable="False" Password="False" ReadOnly="False" RedirectContent="" RedirectID="" RedirectPath="" Required="False" TextBuffered="False" UniqueName="False" DefaultValue="" />
		<Field Name="Web" active="True" AdminOnly="False" Authorable="True" Caption="Web" DeveloperOnly="False" EditSortPriority="9999" FieldType="2" HTMLContent="False" IndexColumn="99" IndexSortDirection="0" IndexSortOrder="0" IndexWidth="0" LookupContent="" NotEditable="False" Password="False" ReadOnly="False" RedirectContent="" RedirectID="" RedirectPath="" Required="False" TextBuffered="False" UniqueName="False" DefaultValue="" />
		<Field Name="PhoneTollFree" active="True" AdminOnly="False" Authorable="True" Caption="Toll Free Phone" DeveloperOnly="False" EditSortPriority="9999" FieldType="2" HTMLContent="False" IndexColumn="99" IndexSortDirection="0" IndexSortOrder="0" IndexWidth="0" LookupContent="" NotEditable="False" Password="False" ReadOnly="False" RedirectContent="" RedirectID="" RedirectPath="" Required="False" TextBuffered="False" UniqueName="False" DefaultValue="" />
		<Field Name="OrganizationID" Caption="Organization" EditSortPriority="9999" FieldType="7" LookupContent="Organizations" active="True" AdminOnly="False" Authorable="True" DeveloperOnly="False" HTMLContent="False" IndexColumn="99" IndexSortDirection="0" IndexSortOrder="0" IndexWidth="0" NotEditable="False" Password="False" ReadOnly="False" RedirectContent="" RedirectID="" RedirectPath="" Required="False" TextBuffered="False" UniqueName="False" DefaultValue="" />
		<Field Name="AddressTypeID" Caption="Address Type" EditSortPriority="9999" FieldType="7" LookupContent="People Address Types" active="True" AdminOnly="False" Authorable="True" DeveloperOnly="False" HTMLContent="False" IndexColumn="99" IndexSortDirection="0" IndexSortOrder="0" IndexWidth="0" NotEditable="False" Password="False" ReadOnly="False" RedirectContent="" RedirectID="" RedirectPath="" Required="False" TextBuffered="False" UniqueName="False" DefaultValue="" />
		</CDef>
	<CDef Name="Organization Address Types" ContentTableName="OrganizationAddressTypes" AuthoringTableName="" ActiveOnly="True" AliasID="ID" AliasName="NAME" DefaultSortMethod="Name" DropDownFieldList="NAME" EditorGroupName="" IgnoreContentControl="False" Parent="" DeveloperOnly="0" ContentDataSourceName="DEFAULT" AuthoringDataSourceName="DEFAULT" AllowTopicRules="false" AllowWorkflowAuthoring="False" AllowDelete="True" AllowContentTracking="false" AllowCalendarEvents="false" AllowAdd="True" AdminOnly="false">
		</CDef>
	<CDef Name="Organization Contacts" ContentTableName="OrganizationContacts" AuthoringTableName="" ActiveOnly="True" AliasID="ID" AliasName="NAME" DefaultSortMethod="Name" DropDownFieldList="NAME" EditorGroupName="" IgnoreContentControl="False" Parent="" DeveloperOnly="0" ContentDataSourceName="DEFAULT" AuthoringDataSourceName="DEFAULT" AllowTopicRules="false" AllowWorkflowAuthoring="False" AllowDelete="True" AllowContentTracking="false" AllowCalendarEvents="false" AllowAdd="True" AdminOnly="false">
		<Field Name="MemberID" Caption="Member" EditSortPriority="9999" FieldType="7" LookupContent="People" active="True" AdminOnly="False" Authorable="True" DeveloperOnly="False" HTMLContent="False" IndexColumn="99" IndexSortDirection="0" IndexSortOrder="0" IndexWidth="0" NotEditable="False" Password="False" ReadOnly="False" RedirectContent="" RedirectID="" RedirectPath="" Required="False" TextBuffered="False" UniqueName="False" DefaultValue="" />
		<Field Name="OrganizationID" Caption="Organization" EditSortPriority="9999" FieldType="7" LookupContent="Organizations" active="True" AdminOnly="False" Authorable="True" DeveloperOnly="False" HTMLContent="False" IndexColumn="99" IndexSortDirection="0" IndexSortOrder="0" IndexWidth="0" NotEditable="False" Password="False" ReadOnly="False" RedirectContent="" RedirectID="" RedirectPath="" Required="False" TextBuffered="False" UniqueName="False" DefaultValue="" />
		<Field Name="TypeID" Caption="Type" EditSortPriority="9999" FieldType="7" LookupContent="Organization Contact Types" active="True" AdminOnly="False" Authorable="True" DeveloperOnly="False" HTMLContent="False" IndexColumn="99" IndexSortDirection="0" IndexSortOrder="0" IndexWidth="0" NotEditable="False" Password="False" ReadOnly="False" RedirectContent="" RedirectID="" RedirectPath="" Required="False" TextBuffered="False" UniqueName="False" DefaultValue="" />
		</CDef>
	<CDef Name="Organization Contact Types" ContentTableName="OrganizationContactTypes" AuthoringTableName="" ActiveOnly="True" AliasID="ID" AliasName="NAME" DefaultSortMethod="Name" DropDownFieldList="NAME" EditorGroupName="" IgnoreContentControl="False" Parent="" DeveloperOnly="0" ContentDataSourceName="DEFAULT" AuthoringDataSourceName="DEFAULT" AllowTopicRules="false" AllowWorkflowAuthoring="False" AllowDelete="True" AllowContentTracking="false" AllowCalendarEvents="false" AllowAdd="True" AdminOnly="false">
		</CDef>
	<CDef Name="Organization Product Types" ContentTableName="OrganizationProductTypes" AuthoringTableName="" ActiveOnly="True" AliasID="ID" AliasName="NAME" DefaultSortMethod="Name" DropDownFieldList="NAME" EditorGroupName="" IgnoreContentControl="False" Parent="" DeveloperOnly="0" ContentDataSourceName="DEFAULT" AuthoringDataSourceName="DEFAULT" AllowTopicRules="false" AllowWorkflowAuthoring="False" AllowDelete="True" AllowContentTracking="false" AllowCalendarEvents="false" AllowAdd="True" AdminOnly="false">
		</CDef>
	<CDef Name="Organization Products" ContentTableName="OrganizationProducts" AuthoringTableName="" ActiveOnly="True" AliasID="ID" AliasName="NAME" DefaultSortMethod="Name" DropDownFieldList="NAME" EditorGroupName="" IgnoreContentControl="False" Parent="" DeveloperOnly="0" ContentDataSourceName="DEFAULT" AuthoringDataSourceName="DEFAULT" AllowTopicRules="false" AllowWorkflowAuthoring="False" AllowDelete="True" AllowContentTracking="false" AllowCalendarEvents="false" AllowAdd="True" AdminOnly="false">
		<Field Name="OrganizationID" Caption="Organization" EditSortPriority="9999" FieldType="7" LookupContent="Organizations" active="True" AdminOnly="False" Authorable="True" DeveloperOnly="False" HTMLContent="False" IndexColumn="99" IndexSortDirection="0" IndexSortOrder="0" IndexWidth="0" NotEditable="False" Password="False" ReadOnly="False" RedirectContent="" RedirectID="" RedirectPath="" Required="False" TextBuffered="False" UniqueName="False" DefaultValue="" />
		<Field Name="TypeID" Caption="Type" EditSortPriority="9999" FieldType="7" LookupContent="Organization Contact Types" active="True" AdminOnly="False" Authorable="True" DeveloperOnly="False" HTMLContent="False" IndexColumn="99" IndexSortDirection="0" IndexSortOrder="0" IndexWidth="0" NotEditable="False" Password="False" ReadOnly="False" RedirectContent="" RedirectID="" RedirectPath="" Required="False" TextBuffered="False" UniqueName="False" DefaultValue="" />
		</CDef>
	<CDef Name="Committees" ContentTableName="ccGroups" AuthoringTableName="" ActiveOnly="True" AliasID="ID" AliasName="NAME" DefaultSortMethod="Name" DropDownFieldList="NAME" EditorGroupName="" IgnoreContentControl="False" Parent="Groups" DeveloperOnly="0" ContentDataSourceName="DEFAULT" AuthoringDataSourceName="DEFAULT" AllowTopicRules="false" AllowWorkflowAuthoring="False" AllowDelete="True" AllowContentTracking="false" AllowCalendarEvents="false" AllowAdd="True" AdminOnly="false">
		</CDef>
	<CDef Name="Phone Types" ContentTableName="ccPhoneTypes" AuthoringTableName="" ActiveOnly="True" AliasID="ID" AliasName="NAME" DefaultSortMethod="Name" DropDownFieldList="NAME" EditorGroupName="" IgnoreContentControl="False" Parent="" DeveloperOnly="0" ContentDataSourceName="DEFAULT" AuthoringDataSourceName="DEFAULT" AllowTopicRules="false" AllowWorkflowAuthoring="False" AllowDelete="True" AllowContentTracking="false" AllowCalendarEvents="false" AllowAdd="True" AdminOnly="false">
		</CDef>
	<CDef Name="Mail Types" ContentTableName="ccMailTypes" AuthoringTableName="" ActiveOnly="True" AliasID="ID" AliasName="NAME" DefaultSortMethod="Name" DropDownFieldList="NAME" EditorGroupName="" IgnoreContentControl="False" Parent="" DeveloperOnly="0" ContentDataSourceName="DEFAULT" AuthoringDataSourceName="DEFAULT" AllowTopicRules="false" AllowWorkflowAuthoring="False" AllowDelete="True" AllowContentTracking="false" AllowCalendarEvents="false" AllowAdd="True" AdminOnly="false">
		</CDef>
	<CDef Name="Frequency" ContentTableName="ccPayMethods" ActiveOnly="True" AdminOnly="False" AliasID="ID" AliasName="NAME" AllowAdd="True" AllowCalendarEvents="False" AllowContentTracking="False" AllowDelete="True" AllowTopicRules="False" AllowWorkflowAuthoring="False" AuthoringDataSourceName="DEFAULT" AuthoringTableName="ccPaymethods" ContentDataSourceName="DEFAULT" DefaultSortMethod="By Name" DeveloperOnly="False" DropDownFieldList="NAME" EditorGroupName="" IgnoreContentControl="False" Parent="" >
		<Field Name="CreditCardProcess" active="True" AdminOnly="False" Authorable="True" Caption="Credit Card Process" DeveloperOnly="False" EditSortPriority="200" FieldType="4" HTMLContent="False" IndexColumn="99" IndexSortDirection="0" IndexSortOrder="0" IndexWidth="0" LookupContent="" NotEditable="False" Password="False" ReadOnly="False" RedirectContent="" RedirectID="" RedirectPath="" Required="False" TextBuffered="False" UniqueName="False" DefaultValue="1" />
		<Field Name="NumberOfDays" active="True" AdminOnly="False" Authorable="True" Caption="Name" DeveloperOnly="False" EditSortPriority="100" FieldType="2" HTMLContent="False" IndexColumn="0" IndexSortDirection="0" IndexSortOrder="0" IndexWidth="100" LookupContent="" NotEditable="False" Password="False" ReadOnly="False" RedirectContent="" RedirectID="" RedirectPath="" Required="False" TextBuffered="False" UniqueName="False" DefaultValue="" />
		</CDef>
	<CDef Name="Commitments" ContentTableName="Commitments" ActiveOnly="True" AdminOnly="False" AliasID="ID" AliasName="NAME" AllowAdd="True" AllowCalendarEvents="False" AllowContentTracking="False" AllowDelete="True" AllowTopicRules="False" AllowWorkflowAuthoring="False" AuthoringDataSourceName="DEFAULT" AuthoringTableName="ccPaymethods" ContentDataSourceName="DEFAULT" DefaultSortMethod="By Name" DeveloperOnly="False" DropDownFieldList="NAME" EditorGroupName="" IgnoreContentControl="False" Parent="" >
		<Field Name="CommitmentType" active="True" AdminOnly="False" Authorable="True" Caption="Commitment Type" DeveloperOnly="False" EditSortPriority="100" FieldType="7" HTMLContent="False" IndexColumn="0" IndexSortDirection="0" IndexSortOrder="0" IndexWidth="100" LookupContent="Commitment Types" NotEditable="False" Password="False" ReadOnly="False" RedirectContent="" RedirectID="" RedirectPath="" Required="False" TextBuffered="False" UniqueName="False" DefaultValue="" />
		<Field Name="Committor" active="True" AdminOnly="False" Authorable="True" Caption="Committor" DeveloperOnly="False" EditSortPriority="100" FieldType="2" HTMLContent="False" IndexColumn="0" IndexSortDirection="0" IndexSortOrder="0" IndexWidth="100" LookupContent="" NotEditable="False" Password="False" ReadOnly="False" RedirectContent="" RedirectID="" RedirectPath="" Required="False" TextBuffered="False" UniqueName="False" DefaultValue="" />
		<Field Name="OrganizationID" Caption="Organization" EditSortPriority="9999" FieldType="7" LookupContent="Organizations" active="True" AdminOnly="False" Authorable="True" DeveloperOnly="False" HTMLContent="False" IndexColumn="99" IndexSortDirection="0" IndexSortOrder="0" IndexWidth="0" NotEditable="False" Password="False" ReadOnly="False" RedirectContent="" RedirectID="" RedirectPath="" Required="False" TextBuffered="False" UniqueName="False" DefaultValue="" />
		<Field Name="MemberID" Caption="Member" EditSortPriority="9999" FieldType="7" LookupContent="People" active="True" AdminOnly="False" Authorable="True" DeveloperOnly="False" HTMLContent="False" IndexColumn="99" IndexSortDirection="0" IndexSortOrder="0" IndexWidth="0" NotEditable="False" Password="False" ReadOnly="False" RedirectContent="" RedirectID="" RedirectPath="" Required="False" TextBuffered="False" UniqueName="False" DefaultValue="" />
		<Field Name="Amount" Caption="Amount" EditSortPriority="9999" FieldType="9" active="True" AdminOnly="False" Authorable="True" DeveloperOnly="False" HTMLContent="False" IndexColumn="99" IndexSortDirection="0" IndexSortOrder="0" IndexWidth="0" LookupContent="" NotEditable="False" Password="False" ReadOnly="False" RedirectContent="" RedirectID="" RedirectPath="" Required="False" TextBuffered="False" UniqueName="False" DefaultValue="" />
		<Field Name="Frequency" Caption="Frequency" EditSortPriority="9999" FieldType="2" active="True" AdminOnly="False" Authorable="True" DeveloperOnly="False" HTMLContent="False" IndexColumn="99" IndexSortDirection="0" IndexSortOrder="0" IndexWidth="0" LookupContent="" NotEditable="False" Password="False" ReadOnly="False" RedirectContent="" RedirectID="" RedirectPath="" Required="False" TextBuffered="False" UniqueName="False" DefaultValue="" />
		<Field Name="Paid" Caption="Paid" EditSortPriority="9999" FieldType="4" active="True" AdminOnly="False" Authorable="True" DeveloperOnly="False" HTMLContent="False" IndexColumn="99" IndexSortDirection="0" IndexSortOrder="0" IndexWidth="0" LookupContent="" NotEditable="False" Password="False" ReadOnly="False" RedirectContent="" RedirectID="" RedirectPath="" Required="False" TextBuffered="False" UniqueName="False" DefaultValue="" />
		<Field Name="AmountPaid" Caption="Amount Paid" EditSortPriority="9999" FieldType="9" active="True" AdminOnly="False" Authorable="True" DeveloperOnly="False" HTMLContent="False" IndexColumn="99" IndexSortDirection="0" IndexSortOrder="0" IndexWidth="0" LookupContent="" NotEditable="False" Password="False" ReadOnly="False" RedirectContent="" RedirectID="" RedirectPath="" Required="False" TextBuffered="False" UniqueName="False" DefaultValue="" />
		<Field Name="Balance" Caption="Balance" EditSortPriority="9999" FieldType="9" active="True" AdminOnly="False" Authorable="True" DeveloperOnly="False" HTMLContent="False" IndexColumn="99" IndexSortDirection="0" IndexSortOrder="0" IndexWidth="0" LookupContent="" NotEditable="False" Password="False" ReadOnly="False" RedirectContent="" RedirectID="" RedirectPath="" Required="False" TextBuffered="False" UniqueName="False" DefaultValue="" />
		<Field Name="LastAmountPaid" Caption="Last Amount Paid" EditSortPriority="9999" FieldType="9" active="True" AdminOnly="False" Authorable="True" DeveloperOnly="False" HTMLContent="False" IndexColumn="99" IndexSortDirection="0" IndexSortOrder="0" IndexWidth="0" LookupContent="" NotEditable="False" Password="False" ReadOnly="False" RedirectContent="" RedirectID="" RedirectPath="" Required="False" TextBuffered="False" UniqueName="False" DefaultValue="" />
		<Field Name="AmountToBePaid" Caption="Amount To Be Paid" EditSortPriority="9999" FieldType="9" active="True" AdminOnly="False" Authorable="True" DeveloperOnly="False" HTMLContent="False" IndexColumn="99" IndexSortDirection="0" IndexSortOrder="0" IndexWidth="0" LookupContent="" NotEditable="False" Password="False" ReadOnly="False" RedirectContent="" RedirectID="" RedirectPath="" Required="False" TextBuffered="False" UniqueName="False" DefaultValue="" />
		<Field Name="LastBilledDate" Caption="Last Billed Date" EditSortPriority="9999" FieldType="5" active="True" AdminOnly="False" Authorable="True" DeveloperOnly="False" HTMLContent="False" IndexColumn="99" IndexSortDirection="0" IndexSortOrder="0" IndexWidth="0" LookupContent="" NotEditable="False" Password="False" ReadOnly="False" RedirectContent="" RedirectID="" RedirectPath="" Required="False" TextBuffered="False" UniqueName="False" DefaultValue="" />
		<Field Name="NextBillDate" Caption="Next Bill Date" EditSortPriority="9999" FieldType="5" active="True" AdminOnly="False" Authorable="True" DeveloperOnly="False" HTMLContent="False" IndexColumn="99" IndexSortDirection="0" IndexSortOrder="0" IndexWidth="0" LookupContent="" NotEditable="False" Password="False" ReadOnly="False" RedirectContent="" RedirectID="" RedirectPath="" Required="False" TextBuffered="False" UniqueName="False" DefaultValue="" />
		</CDef>
	<CDef Name="Commitment Types" ContentTableName="CommitmentTypes" ActiveOnly="True" AdminOnly="False" AliasID="ID" AliasName="NAME" AllowAdd="True" AllowCalendarEvents="False" AllowContentTracking="False" AllowDelete="True" AllowTopicRules="False" AllowWorkflowAuthoring="False" AuthoringDataSourceName="DEFAULT" AuthoringTableName="ccPaymethods" ContentDataSourceName="DEFAULT" DefaultSortMethod="By Name" DeveloperOnly="False" DropDownFieldList="NAME" EditorGroupName="" IgnoreContentControl="False" Parent="" >
		</CDef>
</ContensiveCDef>
