<?xml version="1.0" encoding="windows-1252"?>
<Collection name="Core5" guid="{04998B99-AA56-4709-8060-4EA7BC2C4D76}" system="No" updatable="Yes" blockNavigatorNode="No">
	<HelpLink></HelpLink>
	<Help></Help>
	<Addon name="Child Page List" guid="{D291F133-AB50-4640-9A9A-18DB68FF363B}" type="Add-on">
		<Copy></Copy>
		<CopyText><![CDATA[<ac type="childlist" name="$list name$">]]></CopyText>
		<ActiveXProgramID></ActiveXProgramID>
		<DotNetClass></DotNetClass>
		<ArgumentList><![CDATA[List Name]]></ArgumentList>
		<AsAjax>No</AsAjax>
		<Filter>No</Filter>
		<Help></Help>
		<HelpLink></HelpLink>
		<Icon Link="" width="0" height="0" sprites="0" />
		<InIframe>No</InIframe>
		<BlockEditTools>No</BlockEditTools>
		<FormXML></FormXML>
		<IsInline>No</IsInline>
		<JavascriptOnLoad></JavascriptOnLoad>
		<JavascriptInHead></JavascriptInHead>
		<JavascriptBodyEnd></JavascriptBodyEnd>
		<MetaDescription></MetaDescription>
		<OtherHeadTags></OtherHeadTags>
		<Content>Yes</Content>
		<Template>Yes</Template>
		<Email>No</Email>
		<Admin>Yes</Admin>
		<OnPageEndEvent>No</OnPageEndEvent>
		<OnPageStartEvent>No</OnPageStartEvent>
		<OnBodyStart>No</OnBodyStart>
		<OnBodyEnd>No</OnBodyEnd>
		<RemoteMethod>No</RemoteMethod>
		<ProcessRunOnce>No</ProcessRunOnce>
		<ProcessInterval>0</ProcessInterval>
		<PageTitle></PageTitle>
		<RemoteAssetLink></RemoteAssetLink>
		<Styles></Styles>
		<Scripting Language="" EntryPoint="" Timeout="5000"/>
	</Addon>
	<Addon name="Child Page Sorting" guid="{281CABBC-3FCA-4B6F-A0F2-4A792500D152}" type="Add-on">
		<Copy></Copy>
		<CopyText></CopyText>
		<ActiveXProgramID></ActiveXProgramID>
		<DotNetClass></DotNetClass>
		<ArgumentList></ArgumentList>
		<AsAjax>No</AsAjax>
		<Filter>No</Filter>
		<Help></Help>
		<HelpLink></HelpLink>
		<Icon Link="" width="0" height="0" sprites="0" />
		<InIframe>No</InIframe>
		<BlockEditTools>Yes</BlockEditTools>
		<FormXML></FormXML>
		<IncludeAddon name="JQuery UI" guid="{840B9AEF-9470-4599-BD47-7EC0C9298614}"/>
		<IsInline>No</IsInline>
		<JavascriptOnLoad></JavascriptOnLoad>
		<JavascriptInHead><![CDATA[function saveSortable(listId){
		var e,c,s;
		s=listId;
		e=document.getElementById(listId);
		for (i=0;i<e.childNodes.length;i++){
			c=e.childNodes[i];
			if(c.id) {s+=','+c.id }
		}
		cj.ajax.addon('ChildListResort','sortlist='+s)
}]]></JavascriptInHead>
		<JavascriptBodyEnd></JavascriptBodyEnd>
		<MetaDescription></MetaDescription>
		<OtherHeadTags></OtherHeadTags>
		<Content>No</Content>
		<Template>No</Template>
		<Email>No</Email>
		<Admin>No</Admin>
		<OnPageEndEvent>Yes</OnPageEndEvent>
		<OnPageStartEvent>No</OnPageStartEvent>
		<OnBodyStart>No</OnBodyStart>
		<OnBodyEnd>No</OnBodyEnd>
		<RemoteMethod>No</RemoteMethod>
		<ProcessRunOnce>No</ProcessRunOnce>
		<ProcessInterval>0</ProcessInterval>
		<PageTitle></PageTitle>
		<RemoteAssetLink></RemoteAssetLink>
		<Styles><![CDATA[
1]]></Styles>
		<Scripting Language="" EntryPoint="" Timeout="5000"/>
	</Addon>
	<Addon name="ChildListResort" guid="{8429641A-03C9-4CD1-9369-5B9F2FA509E9}" type="Add-on">
		<Copy></Copy>
		<CopyText></CopyText>
		<ActiveXProgramID></ActiveXProgramID>
		<DotNetClass><![CDATA[Contensive.Addons.PageManager.childPageResortClass]]></DotNetClass>
		<ArgumentList></ArgumentList>
		<AsAjax>No</AsAjax>
		<Filter>No</Filter>
		<Help></Help>
		<HelpLink></HelpLink>
		<Icon Link="" width="0" height="0" sprites="0" />
		<InIframe>No</InIframe>
		<BlockEditTools>Yes</BlockEditTools>
		<FormXML></FormXML>
		<IsInline>No</IsInline>
		<JavascriptOnLoad></JavascriptOnLoad>
		<JavascriptInHead></JavascriptInHead>
		<JavascriptBodyEnd></JavascriptBodyEnd>
		<MetaDescription></MetaDescription>
		<OtherHeadTags></OtherHeadTags>
		<Content>No</Content>
		<Template>No</Template>
		<Email>No</Email>
		<Admin>No</Admin>
		<OnPageEndEvent>No</OnPageEndEvent>
		<OnPageStartEvent>No</OnPageStartEvent>
		<OnBodyStart>No</OnBodyStart>
		<OnBodyEnd>No</OnBodyEnd>
		<RemoteMethod>Yes</RemoteMethod>
		<ProcessRunOnce>No</ProcessRunOnce>
		<ProcessInterval>0</ProcessInterval>
		<PageTitle></PageTitle>
		<RemoteAssetLink></RemoteAssetLink>
		<Styles></Styles>
		<Scripting Language="" EntryPoint="" Timeout="5000"/>
	</Addon>
	<Addon name="Email This Page Icon" guid="Email This Page Icon" type="Add-on">
		<Copy></Copy>
		<CopyText></CopyText>
		<ActiveXProgramID></ActiveXProgramID>
		<DotNetClass></DotNetClass>
		<ArgumentList></ArgumentList>
		<AsAjax>No</AsAjax>
		<Filter>No</Filter>
		<Help></Help>
		<HelpLink></HelpLink>
		<Icon Link="" width="0" height="0" sprites="0" />
		<InIframe>No</InIframe>
		<BlockEditTools>No</BlockEditTools>
		<FormXML></FormXML>
		<IsInline>No</IsInline>
		<JavascriptOnLoad></JavascriptOnLoad>
		<JavascriptInHead></JavascriptInHead>
		<JavascriptBodyEnd></JavascriptBodyEnd>
		<MetaDescription></MetaDescription>
		<OtherHeadTags></OtherHeadTags>
		<Content>No</Content>
		<Template>No</Template>
		<Email>No</Email>
		<Admin>No</Admin>
		<OnPageEndEvent>No</OnPageEndEvent>
		<OnPageStartEvent>No</OnPageStartEvent>
		<OnBodyStart>No</OnBodyStart>
		<OnBodyEnd>No</OnBodyEnd>
		<RemoteMethod>No</RemoteMethod>
		<ProcessRunOnce>No</ProcessRunOnce>
		<ProcessInterval>0</ProcessInterval>
		<PageTitle></PageTitle>
		<RemoteAssetLink></RemoteAssetLink>
		<Styles></Styles>
		<Scripting Language="" EntryPoint="" Timeout="5000"/>
	</Addon>
	<Addon name="Page Manager" guid="{3a01572e-0f08-4feb-b189-18371752a3c3}" type="Add-on">
		<Copy></Copy>
		<CopyText><![CDATA[<p>PageManager</p>]]></CopyText>
		<ActiveXProgramID></ActiveXProgramID>
		<DotNetClass><![CDATA[Contensive.Addons.PageManager.PageManagerClass]]></DotNetClass>
		<ArgumentList></ArgumentList>
		<AsAjax>No</AsAjax>
		<Filter>No</Filter>
		<Help></Help>
		<HelpLink></HelpLink>
		<Icon Link="" width="0" height="0" sprites="0" />
		<InIframe>No</InIframe>
		<BlockEditTools>No</BlockEditTools>
		<FormXML></FormXML>
		<IncludeAddon name="Contensive Base Styles" guid="{0dd7df28-4924-4881-a1d8-421824f5c2d1}"/>
		<IsInline>No</IsInline>
		<JavascriptOnLoad></JavascriptOnLoad>
		<JavascriptInHead></JavascriptInHead>
		<JavascriptBodyEnd></JavascriptBodyEnd>
		<MetaDescription></MetaDescription>
		<OtherHeadTags></OtherHeadTags>
		<Content>No</Content>
		<Template>No</Template>
		<Email>No</Email>
		<Admin>No</Admin>
		<OnPageEndEvent>No</OnPageEndEvent>
		<OnPageStartEvent>No</OnPageStartEvent>
		<OnBodyStart>No</OnBodyStart>
		<OnBodyEnd>No</OnBodyEnd>
		<RemoteMethod>No</RemoteMethod>
		<ProcessRunOnce>No</ProcessRunOnce>
		<ProcessInterval>0</ProcessInterval>
		<PageTitle></PageTitle>
		<RemoteAssetLink></RemoteAssetLink>
		<Styles><![CDATA[@import url('/pageManager/pageManager.css')]]></Styles>
		<Scripting Language="" EntryPoint="" Timeout="5000"/>
	</Addon>
	<ImportCollection name="Primitives">{4D357C85-ABE2-4370-B1D9-2C859BF7762F}</ImportCollection>
	<ImportCollection name="Personalization">{1339F712-17F7-408A-B021-92DF846BD486}</ImportCollection>
	<ImportCollection name="Site Explorer">{5426E6D5-05A8-4A87-B535-CD0FABA04F29}</ImportCollection>
	<ImportCollection name="Contact Manager">{51A67CB6-EA94-497C-896A-979A851BE3DB}</ImportCollection>
	<ImportCollection name="Resource Library">{F36C7051-F382-4558-8DBF-091F74C26C83}</ImportCollection>
	<ImportCollection name="Preferences Settings Page">{AF80F787-40CE-47E0-B339-E798CC88222A}</ImportCollection>
	<ImportCollection name="Dashboard">{B470C25F-DDBC-4593-8161-1A2FD4A35690}</ImportCollection>
	<ImportCollection name="JQuery">{A435BF70-041B-43D1-8A8D-5D9D59A7FCD0}</ImportCollection>
	<ImportCollection name="Content Watch List">{3C5C2B2C-CAA5-46DC-92ED-A21DD23DF597}</ImportCollection>
	<ImportCollection name="Form Wizard">{B5D1FE5B-71EC-403D-90E8-01AE7F8E18AD}</ImportCollection>
	<Resource name="pagemanager.js" type="www" path="pagemanager" />
	<Resource name="pagemanager.css" type="www" path="pagemanager" />
</Collection>