<?xml version="1.0" encoding="windows-1252"?>
<Collection name="Core5" guid="{04998B99-AA56-4709-8060-4EA7BC2C4D76}" system="Yes" updatable="Yes" blockNavigatorNode="No">
	<HelpLink></HelpLink>
	<Help></Help>
	<Addon name="Child Page List" guid="{D291F133-AB50-4640-9A9A-18DB68FF363B}" type="Add-on">
		<Copy></Copy>
		<CopyText><![CDATA[<ac type="childlist" name="$list name$">]]></CopyText>
		<ActiveXProgramID></ActiveXProgramID>
		<DotNetClass></DotNetClass>
		<ArgumentList><![CDATA[List Name]]></ArgumentList>
		<AsAjax>No</AsAjax>
		<Filter>No</Filter>
		<Help></Help>
		<HelpLink></HelpLink>
		<Icon Link="" width="0" height="0" sprites="0" />
		<InIframe>No</InIframe>
		<BlockEditTools>No</BlockEditTools>
		<FormXML></FormXML>
		<IsInline>No</IsInline>
		<JavascriptOnLoad></JavascriptOnLoad>
		<JavascriptInHead></JavascriptInHead>
		<JavascriptBodyEnd></JavascriptBodyEnd>
		<MetaDescription></MetaDescription>
		<OtherHeadTags></OtherHeadTags>
		<Content>Yes</Content>
		<Template>Yes</Template>
		<Email>No</Email>
		<Admin>Yes</Admin>
		<OnPageEndEvent>No</OnPageEndEvent>
		<OnPageStartEvent>No</OnPageStartEvent>
		<OnBodyStart>No</OnBodyStart>
		<OnBodyEnd>No</OnBodyEnd>
		<RemoteMethod>No</RemoteMethod>
		<ProcessRunOnce>No</ProcessRunOnce>
		<ProcessInterval>0</ProcessInterval>
		<PageTitle></PageTitle>
		<RemoteAssetLink></RemoteAssetLink>
		<Styles></Styles>
		<Scripting Language="" EntryPoint="" Timeout="5000"/>
	</Addon>
	<Addon name="Child Page Sorting" guid="{281CABBC-3FCA-4B6F-A0F2-4A792500D152}" type="Add-on">
		<Copy></Copy>
		<CopyText></CopyText>
		<ActiveXProgramID></ActiveXProgramID>
		<DotNetClass></DotNetClass>
		<ArgumentList></ArgumentList>
		<AsAjax>No</AsAjax>
		<Filter>No</Filter>
		<Help></Help>
		<HelpLink></HelpLink>
		<Icon Link="" width="0" height="0" sprites="0" />
		<InIframe>No</InIframe>
		<BlockEditTools>Yes</BlockEditTools>
		<FormXML></FormXML>
		<IncludeAddon name="JQuery UI" guid="{840B9AEF-9470-4599-BD47-7EC0C9298614}"/>
		<IsInline>No</IsInline>
		<JavascriptOnLoad></JavascriptOnLoad>
		<JavascriptInHead><![CDATA[function saveSortable(listId){
		var e,c,s;
		s=listId;
		e=document.getElementById(listId);
		for (i=0;i<e.childNodes.length;i++){
			c=e.childNodes[i];
			if(c.id) {s+=','+c.id }
		}
		cj.ajax.addon('ChildListResort','sortlist='+s)
}]]></JavascriptInHead>
		<JavascriptBodyEnd></JavascriptBodyEnd>
		<MetaDescription></MetaDescription>
		<OtherHeadTags></OtherHeadTags>
		<Content>No</Content>
		<Template>No</Template>
		<Email>No</Email>
		<Admin>No</Admin>
		<OnPageEndEvent>Yes</OnPageEndEvent>
		<OnPageStartEvent>No</OnPageStartEvent>
		<OnBodyStart>No</OnBodyStart>
		<OnBodyEnd>No</OnBodyEnd>
		<RemoteMethod>No</RemoteMethod>
		<ProcessRunOnce>No</ProcessRunOnce>
		<ProcessInterval>0</ProcessInterval>
		<PageTitle></PageTitle>
		<RemoteAssetLink></RemoteAssetLink>
		<Styles><![CDATA[1]]></Styles>
		<Scripting Language="" EntryPoint="" Timeout="5000">
			<Code><![CDATA[Function AddSortable()
	if cp.user.isediting("Page Content") then
		AddSortable = "<script language=""javascript"">" _
			& "jQuery(function() {jQuery("".ccChildList"").sortable({stop: function(event, ui) { saveSortable(jQuery(this).attr('id')); }});});" _
			& "cj.addHeadStyle('.ccChildList li {min-height:30px;vertical-align:middle;border:1px dashed #262;padding-right:40px !important;background:white url(/childPageSort/arrowUpDown.png) no-repeat right;}');" _
			& "</script>"
	end if
End Function]]></Code>
		</Scripting>
	</Addon>
	<Addon name="ChildListResort" guid="{8429641A-03C9-4CD1-9369-5B9F2FA509E9}" type="Add-on">
		<Copy></Copy>
		<CopyText></CopyText>
		<ActiveXProgramID></ActiveXProgramID>
		<DotNetClass><![CDATA[Contensive.Addons.PageManager.childPageResortClass]]></DotNetClass>
		<ArgumentList></ArgumentList>
		<AsAjax>No</AsAjax>
		<Filter>No</Filter>
		<Help></Help>
		<HelpLink></HelpLink>
		<Icon Link="" width="0" height="0" sprites="0" />
		<InIframe>No</InIframe>
		<BlockEditTools>Yes</BlockEditTools>
		<FormXML></FormXML>
		<IsInline>No</IsInline>
		<JavascriptOnLoad></JavascriptOnLoad>
		<JavascriptInHead></JavascriptInHead>
		<JavascriptBodyEnd></JavascriptBodyEnd>
		<MetaDescription></MetaDescription>
		<OtherHeadTags></OtherHeadTags>
		<Content>No</Content>
		<Template>No</Template>
		<Email>No</Email>
		<Admin>No</Admin>
		<OnPageEndEvent>No</OnPageEndEvent>
		<OnPageStartEvent>No</OnPageStartEvent>
		<OnBodyStart>No</OnBodyStart>
		<OnBodyEnd>No</OnBodyEnd>
		<RemoteMethod>Yes</RemoteMethod>
		<ProcessRunOnce>No</ProcessRunOnce>
		<ProcessInterval>0</ProcessInterval>
		<PageTitle></PageTitle>
		<RemoteAssetLink></RemoteAssetLink>
		<Styles></Styles>
		<Scripting Language="" EntryPoint="" Timeout="5000"/>
	</Addon>
	<Addon name="Email This Page Icon" guid="Email This Page Icon" type="Add-on">
		<Copy></Copy>
		<CopyText></CopyText>
		<ActiveXProgramID></ActiveXProgramID>
		<DotNetClass></DotNetClass>
		<ArgumentList></ArgumentList>
		<AsAjax>No</AsAjax>
		<Filter>No</Filter>
		<Help></Help>
		<HelpLink></HelpLink>
		<Icon Link="" width="0" height="0" sprites="0" />
		<InIframe>No</InIframe>
		<BlockEditTools>No</BlockEditTools>
		<FormXML></FormXML>
		<IsInline>No</IsInline>
		<JavascriptOnLoad></JavascriptOnLoad>
		<JavascriptInHead></JavascriptInHead>
		<JavascriptBodyEnd></JavascriptBodyEnd>
		<MetaDescription></MetaDescription>
		<OtherHeadTags></OtherHeadTags>
		<Content>No</Content>
		<Template>No</Template>
		<Email>No</Email>
		<Admin>No</Admin>
		<OnPageEndEvent>No</OnPageEndEvent>
		<OnPageStartEvent>No</OnPageStartEvent>
		<OnBodyStart>No</OnBodyStart>
		<OnBodyEnd>No</OnBodyEnd>
		<RemoteMethod>No</RemoteMethod>
		<ProcessRunOnce>No</ProcessRunOnce>
		<ProcessInterval>0</ProcessInterval>
		<PageTitle></PageTitle>
		<RemoteAssetLink></RemoteAssetLink>
		<Styles></Styles>
		<Scripting Language="" EntryPoint="" Timeout="5000"/>
	</Addon>
	<Addon name="Page Manager" guid="{3a01572e-0f08-4feb-b189-18371752a3c3}" type="Add-on">
		<Copy></Copy>
		<CopyText><![CDATA[<p>PageManager</p>]]></CopyText>
		<ActiveXProgramID></ActiveXProgramID>
		<DotNetClass><![CDATA[Contensive.Addons.PageManager.PageManagerClass]]></DotNetClass>
		<ArgumentList></ArgumentList>
		<AsAjax>No</AsAjax>
		<Filter>No</Filter>
		<Help></Help>
		<HelpLink></HelpLink>
		<Icon Link="" width="0" height="0" sprites="0" />
		<InIframe>No</InIframe>
		<BlockEditTools>No</BlockEditTools>
		<FormXML></FormXML>
		<IsInline>No</IsInline>
		<JavascriptOnLoad></JavascriptOnLoad>
		<JavascriptInHead></JavascriptInHead>
		<JavascriptBodyEnd></JavascriptBodyEnd>
		<MetaDescription></MetaDescription>
		<OtherHeadTags></OtherHeadTags>
		<Content>No</Content>
		<Template>No</Template>
		<Email>No</Email>
		<Admin>No</Admin>
		<OnPageEndEvent>No</OnPageEndEvent>
		<OnPageStartEvent>No</OnPageStartEvent>
		<OnBodyStart>No</OnBodyStart>
		<OnBodyEnd>No</OnBodyEnd>
		<RemoteMethod>No</RemoteMethod>
		<ProcessRunOnce>No</ProcessRunOnce>
		<ProcessInterval>0</ProcessInterval>
		<PageTitle></PageTitle>
		<RemoteAssetLink></RemoteAssetLink>
		<Styles><![CDATA[@import url('/pageManager/pageManager.css')]]></Styles>
		<Scripting Language="" EntryPoint="" Timeout="5000"/>
	</Addon>
	<ImportCollection name="Primitives">{4D357C85-ABE2-4370-B1D9-2C859BF7762F}</ImportCollection>
	<ImportCollection name="Personalization">{1339F712-17F7-408A-B021-92DF846BD486}</ImportCollection>
	<ImportCollection name="Site Explorer">{5426E6D5-05A8-4A87-B535-CD0FABA04F29}</ImportCollection>
	<ImportCollection name="Contact Manager">{51A67CB6-EA94-497C-896A-979A851BE3DB}</ImportCollection>
	<ImportCollection name="Resource Library">{F36C7051-F382-4558-8DBF-091F74C26C83}</ImportCollection>
	<ImportCollection name="Preferences Settings Page">{AF80F787-40CE-47E0-B339-E798CC88222A}</ImportCollection>
	<ImportCollection name="Dashboard">{B470C25F-DDBC-4593-8161-1A2FD4A35690}</ImportCollection>
	<ImportCollection name="JQuery">{A435BF70-041B-43D1-8A8D-5D9D59A7FCD0}</ImportCollection>
	<ImportCollection name="Content Watch List">{3C5C2B2C-CAA5-46DC-92ED-A21DD23DF597}</ImportCollection>
	<ImportCollection name="Form Wizard">{B5D1FE5B-71EC-403D-90E8-01AE7F8E18AD}</ImportCollection>
	<ImportCollection name="Child Page List">{88563066-35F0-4A1F-A7AE-0C014BCB70DB}</ImportCollection>
	<ImportCollection name="Menuing5">{237805fb-fcc4-42e5-a1b5-5383850085d5}</ImportCollection>
	<ImportCollection name="RSS Client">{685E4C5C-6E24-4A1D-8A43-B7F1710500D4}</ImportCollection>
	<ImportCollection name="Text Box">{2F869726-B685-458C-8827-B94F37848A1C}</ImportCollection>
	<ImportCollection name="Fancy Box">{B59F4D89-ADD9-4FEA-9D3F-B5A44DFD8F39}</ImportCollection>
	<ImportCollection name="Add-on Manager">{ECAE49E6-B013-411D-B529-5979190DEA9C}</ImportCollection>
	<ImportCollection name="File Manager">{0A080FBC-2814-407F-8F8C-CD06F422789D}</ImportCollection>
	<ImportCollection name="Contensive Patch">{618C5097-1B82-4498-AEF4-224EBBD88C98}</ImportCollection>
	<ImportCollection name="Admin Navigator">{0AB76B52-2C9E-4339-B4DB-902AF42B57EB}</ImportCollection>
	<ImportCollection name="Import Wizard">{339B9171-5B57-4F42-914C-DCEF4F52F388}</ImportCollection>
	<ImportCollection name="Logout Link">{1D8AC775-0C19-4310-B375-A2561B7BED12}</ImportCollection>
	<ImportCollection name="Login">{030DBBCD-8817-4889-8F50-E5DAE4CA7DD1}</ImportCollection>
	<ImportCollection name="Whats Related">{9E0D6124-0C6B-45A9-A310-2D434A4AA7D6}</ImportCollection>
	<ImportCollection name="Printer Version Icon">{E4E87F53-6A03-488B-8B25-E84BD77E65B1}</ImportCollection>
	<ImportCollection name="Child Page Sorting">{BDD2CFBD-CB53-40B7-A246-ED0D234F17EA}</ImportCollection>
	<ImportCollection name="Content Box">{6A681E1F-ABCC-4E28-AAB4-79264DA18B91}</ImportCollection>
	<Resource name="pageManager.js" type="www" path="/pageManager" />
	<Resource name="pageManager.css" type="www" path="/pageManager" />
</Collection>